{
  "credit": "Made with Blockbench",
  "parent": "item/handheld",
  "textures": {
    "layer0": "minecraft:extended_equipment/diamond_dagger"
  },
  "display": {
    "thirdperson_righthand": {
      "rotation": [0, -90, 55],
      "translation": [0, 3.5, 0.5],
      "scale": [0.65, 0.65, 0.65]
    },
    "thirdperson_lefthand": {
      "rotation": [0, 90, -55],
      "translation": [0, 3.5, 0.5],
      "scale": [0.65, 0.65, 0.65]
    },
    "firstperson_righthand": {
      "rotation": [0, -90, 25],
      "translation": [1.13, 3.2, 1.13],
      "scale": [0.68, 0.68, 0.68]
    },
    "firstperson_lefthand": {
      "rotation": [0, 90, -25],
      "translation": [1.13, 3.2, 1.13],
      "scale": [0.68, 0.68, 0.68]
    },
    "ground": {
      "translation": [0, 2, 0],
      "scale": [0.5, 0.5, 0.5]
    },
    "gui": {
      "translation": [1.5, 1.5, 0]
    },
    "head": {
      "rotation": [0, 180, 0],
      "translation": [0, 13, 7]
    },
    "fixed": {
      "rotation": [0, 180, 0],
      "translation": [-1.5, 1.5, 0]
    }
  }
}
