{
  "credit": "Made with Blockbench",
  "parent": "item/handheld",
  "textures": {
    "layer0": "minecraft:extended_equipment/diamond_partisan"
  },
  "display": {
    "thirdperson_righthand": {
      "rotation": [-45, -90, 0],
      "translation": [0, 10.75, 1.5],
      "scale": [1.7, 1.7, 0.85]
    },
    "thirdperson_lefthand": {
      "rotation": [45, -90, 0],
      "translation": [0, 10.75, 1.5],
      "scale": [1.7, 1.7, 0.85]
    },
    "firstperson_righthand": {
      "rotation": [-55, -90, 0],
      "translation": [2.26, 9.65, 1.13],
      "scale": [1.36, 1.36, 0.68]
    },
    "firstperson_lefthand": {
      "rotation": [-55, 90, 0],
      "translation": [2.26, 9.65, 1.13],
      "scale": [1.36, 1.36, 0.68]
    },
    "ground": {
      "translation": [1.25, 5, 0],
      "scale": [1, 1, 0.5]
    },
    "gui": {
      "translation": [8, 8, 0],
      "scale": [2, 2, 1]
    },
    "head": {
      "rotation": [0, 180, 0],
      "translation": [0, 13, 7],
      "scale": [2, 2, 1]
    },
    "fixed": {
      "rotation": [0, 180, 0],
      "translation": [-2.75, 2.75, 0],
      "scale": [1.5, 1.5, 1]
    }
  }
}
