{
  "credit": "Made with Blockbench",
  "parent": "item/handheld",
  "textures": {
    "layer0": "minecraft:extended_equipment/iron_double"
  },
  "display": {
    "thirdperson_righthand": {
      "rotation": [-50, -90, 0],
      "translation": [0, 2.5, 0.5],
      "scale": [1.7, 1.7, 0.85]
    },
    "thirdperson_lefthand": {
      "rotation": [-50, 90, 0],
      "translation": [0, 2.5, 0.5],
      "scale": [1.7, 1.7, 0.85]
    },
    "firstperson_righthand": {
      "rotation": [-35, -90, 0],
      "translation": [2.26, 3.15, 0.26],
      "scale": [1.36, 1.36, 0.68]
    },
    "firstperson_lefthand": {
      "rotation": [-35, 90, 0],
      "translation": [2.26, 3.15, 0.26],
      "scale": [1.36, 1.36, 0.68]
    },
    "ground": {
      "translation": [1.25, 5, 0],
      "scale": [1, 1, 0.5]
    },
    "gui": {
      "translation": [8, 8, 0],
      "scale": [2, 2, 1]
    },
    "head": {
      "rotation": [0, 180, 0],
      "translation": [0, 13, 7],
      "scale": [2, 2, 1]
    },
    "fixed": {
      "rotation": [0, 180, 0],
      "translation": [-2.25, 3, 0],
      "scale": [1.3, 1.3, 1]
    }
  }
}
