{
  "credit": "Made with Blockbench",
  "textures": {
    "0": "minecraft:extended_equipment/iron_tonfa"
  },
  "elements": [
    {
      "name": "tonfa_handle",
      "from": [7.5, 2, 5.5],
      "to": [8.5, 3, 10.5],
      "faces": {
        "north": { "uv": [9, 5, 10, 6], "texture": "#0" },
        "east": { "uv": [4, 5, 9, 6], "texture": "#0" },
        "south": { "uv": [15, 5, 16, 6], "texture": "#0" },
        "west": { "uv": [10, 5, 15, 6], "texture": "#0" },
        "up": { "uv": [10, 5, 9, 0], "texture": "#0" },
        "down": { "uv": [11, 0, 10, 5], "texture": "#0" }
      }
    },
    {
      "name": "tonfa_length",
      "from": [7.5, -7, 10.5],
      "to": [8.5, 6, 11.5],
      "faces": {
        "north": { "uv": [1, 1, 2, 14], "texture": "#0" },
        "east": { "uv": [0, 1, 1, 14], "texture": "#0" },
        "south": { "uv": [3, 1, 4, 14], "texture": "#0" },
        "west": { "uv": [2, 1, 3, 14], "texture": "#0" },
        "up": { "uv": [2, 1, 1, 0], "texture": "#0" },
        "down": { "uv": [3, 0, 2, 1], "texture": "#0" }
      }
    }
  ],
  "display": {
    "thirdperson_righthand": {
      "rotation": [90, 0, 0],
      "translation": [0, -2, 8.5],
      "scale": [1.2, 1.2, 1.2]
    },
    "thirdperson_lefthand": {
      "rotation": [90, 0, 0],
      "translation": [0, -2, 8.5],
      "scale": [1.2, 1.2, 1.2]
    },
    "firstperson_righthand": {
      "rotation": [116, 5, 10],
      "translation": [-1.75, 1, 11]
    },
    "firstperson_lefthand": {
      "rotation": [116, 5, 10],
      "translation": [-1.75, 1, 11]
    },
    "ground": {
      "rotation": [90, 90, 0],
      "translation": [-2, 2, 5.75],
      "scale": [0.7, 0.7, 0.7]
    },
    "gui": {
      "rotation": [30, 225, 90],
      "translation": [9.25, 3, 0],
      "scale": [1.25, 1.25, 1.25]
    },
    "fixed": {
      "rotation": [-180, 90, -180],
      "translation": [-3, 7.75, -0.75]
    }
  }
}
