{
  "credit": "Made with Blockbench",
  "parent": "item/generated",
  "textures": {
    "layer0": "minecraft:extended_equipment/bow/longbow/longbow"
  },
  "overrides": [
    {
      "predicate": {
        "pulling": 1
      },
      "model": "dee_extended_equipment:longbow_pulling_0"
    },
    {
      "predicate": {
        "pulling": 1,
        "pull": 0.65
      },
      "model": "dee_extended_equipment:longbow_pulling_1"
    },
    {
      "predicate": {
        "pulling": 1,
        "pull": 0.9
      },
      "model": "dee_extended_equipment:longbow_pulling_2"
    }
  ],
  "display": {
    "thirdperson_righthand": {
      "rotation": [-80, -100, -40],
      "translation": [-2.5, 5.65, 3.9],
      "scale": [1.8, 1.8, 0.9]
    },
    "thirdperson_lefthand": {
      "rotation": [-80, 80, 40],
      "translation": [-2.5, 5.65, 3.9],
      "scale": [1.8, 1.8, 0.9]
    },
    "firstperson_righthand": {
      "rotation": [-15, -90, 10],
      "translation": [9, 14, -2.5],
      "scale": [2.72, 2.72, 1.36]
    },
    "firstperson_lefthand": {
      "rotation": [165, 90, 170],
      "translation": [9, 14, -2.5],
      "scale": [2.72, 2.72, 1.36]
    },
    "ground": {
      "translation": [3, 6, 0],
      "scale": [1, 1, 0.5]
    },
    "gui": {
      "translation": [8, 8, 0],
      "scale": [2, 2, 1]
    },
    "head": {
      "rotation": [180, 0, -45],
      "translation": [9.25, 9.5, 7],
      "scale": [2, 2, 1]
    },
    "fixed": {
      "rotation": [0, 180, 0],
      "translation": [-5.5, 5.5, 0],
      "scale": [1.7, 1.7, 1]
    }
  }
}
