{
  "credit": "Made with Blockbench",
  "parent": "item/handheld",
  "textures": {
    "layer0": "minecraft:extended_equipment/netherite_knuckles"
  },
  "display": {
    "thirdperson_righthand": {
      "rotation": [-90, 90, 0],
      "translation": [0.5, -1.8, 0],
      "scale": [0.4, 0.4, 0.8]
    },
    "thirdperson_lefthand": {
      "rotation": [-90, 90, 0],
      "translation": [0.5, -2.2, 0],
      "scale": [0.4, 0.4, 0.8]
    },
    "firstperson_righthand": {
      "rotation": [-65, -90, 0],
      "translation": [1.13, 1.95, 1.88],
      "scale": [0.34, 0.34, 0.68]
    },
    "firstperson_lefthand": {
      "rotation": [-65, 90, 0],
      "translation": [1.13, 1.95, 1.88],
      "scale": [0.34, 0.34, 0.68]
    },
    "ground": {
      "translation": [-0.5, 0, 0],
      "scale": [0.4, 0.4, 0.4]
    },
    "gui": {
      "translation": [-0.5, -0.5, 0]
    },
    "head": {
      "translation": [-0.5, 7.25, -5.75]
    },
    "fixed": {
      "translation": [-0.5, 0, 0]
    }
  }
}
