{
  "parent": "item/generated",
  "textures": {
    "layer0": "minecraft:extended_equipment/crossbow/pistol_firework"
  },
  "display": {
    "thirdperson_righthand": {
      "rotation": [-45, -90, 0],
      "translation": [0, 0.75, -3],
      "scale": [0.9, 0.9, 0.9]
    },
    "thirdperson_lefthand": {
      "rotation": [-45, 90, 0],
      "translation": [0, 0.75, -3],
      "scale": [0.9, 0.9, 0.9]
    },
    "firstperson_righthand": {
      "rotation": [-35, -90, 0],
      "translation": [3.13, 3.2, 1.13],
      "scale": [0.68, 0.68, 0.68]
    },
    "firstperson_lefthand": {
      "rotation": [-180, 85, 145],
      "translation": [3.13, 3.2, 1.13],
      "scale": [0.68, 0.68, 0.68]
    }
  }
}
