{
  "credit": "Made with Blockbench",
  "parent": "item/generated",
  "textures": {
    "layer0": "minecraft:extended_equipment/crossbow/rifle_standby"
  },
  "display": {
    "thirdperson_righthand": {
      "rotation": [-45, -90, 0],
      "translation": [0, 0.25, -8.5],
      "scale": [1.7, 1.7, 0.85]
    },
    "thirdperson_lefthand": {
      "rotation": [-45, 90, 0],
      "translation": [0, 0.25, -8.5],
      "scale": [1.7, 1.7, 0.85]
    },
    "firstperson_righthand": {
      "rotation": [-35, -90, 0],
      "translation": [-1.25, 5, -6.25],
      "scale": [1.36, 1.36, 0.68]
    },
    "firstperson_lefthand": {
      "rotation": [-180, 85, 145],
      "translation": [-2, 5, -6.25],
      "scale": [1.36, 1.36, 0.68]
    },
    "ground": {
      "translation": [-3.25, 5, 0],
      "scale": [1, 1, 0.5]
    },
    "gui": {
      "translation": [-7, 7, 0],
      "scale": [2, 2, 1]
    },
    "head": {
      "rotation": [-45, -90, 0],
      "translation": [0, 7, -13.75],
      "scale": [2, 2, 1]
    },
    "fixed": {
      "rotation": [180, 0, -135],
      "translation": [7.5, 0, 0],
      "scale": [1.65, 1.65, 1]
    }
  },
  "overrides": [
    {
      "predicate": {
        "reloading": 1
      },
      "model": "item/rifle_reloading_0"
    },
    {
      "predicate": {
        "reloading": 1,
        "pull": 0.58
      },
      "model": "item/rifle_reloading_1"
    },
    {
      "predicate": {
        "reloading": 1,
        "pull": 1.0
      },
      "model": "item/rifle_reloading_2"
    },
    {
      "predicate": {
        "charged": 1
      },
      "model": "item/rifle_arrow"
    },
    {
      "predicate": {
        "charged": 1,
        "firework": 1
      },
      "model": "item/rifle_firework"
    }
  ]
}
