{
  "credit": "Made with Blockbench",
  "parent": "item/generated",
  "textures": {
    "layer0": "minecraft:extended_equipment/bow/slingshot/slingshot"
  },
  "overrides": [
    {
      "predicate": {
        "pulling": 1
      },
      "model": "dee_extended_equipment:slingshot_pulling_0"
    },
    {
      "predicate": {
        "pulling": 1,
        "pull": 0.65
      },
      "model": "dee_extended_equipment:slingshot_pulling_1"
    },
    {
      "predicate": {
        "pulling": 1,
        "pull": 0.9
      },
      "model": "dee_extended_equipment:slingshot_pulling_2"
    }
  ],
  "display": {
    "thirdperson_righthand": {
      "rotation": [5, 170, 0],
      "translation": [0, 2.25, 1],
      "scale": [0.5, 0.5, 0.5]
    },
    "thirdperson_lefthand": {
      "rotation": [5, -10, 0],
      "translation": [0, 2.25, 1],
      "scale": [0.5, 0.5, 0.5]
    },
    "firstperson_righthand": {
      "rotation": [0, -90, 25],
      "translation": [1.13, 3.2, 1.13],
      "scale": [0.68, 0.68, 0.68]
    },
    "firstperson_lefthand": {
      "rotation": [0, 90, -25],
      "translation": [1.13, 3.2, 1.13],
      "scale": [0.68, 0.68, 0.68]
    }
  }
}
