{
	"credit": "Made with Blockbench",
	"textures": {
		"1": "block/prismarine_bricks",
		"2": "block/snow",
		"4": "block/lapis_block",
		"5": "block/stripped_crimson_stem_top",
		"6": "block/gold_block",
		"7": "block/crimson_nylium",
		"8": "block/cactus_bottom",
		"particle": "block/prismarine_bricks"
	},
	"elements": [
		{
			"from": [14, 0, 1.5],
			"to": [15, 2, 14.5],
			"rotation": {"angle": 0, "axis": "y", "origin": [8, 8, 8]},
			"faces": {
				"north": {"uv": [0, 0, 1, 13], "texture": "#6"},
				"east": {"uv": [0, 0, 1, 13], "texture": "#6"},
				"south": {"uv": [0, 0, 1, 13], "texture": "#6"},
				"west": {"uv": [0, 0, 1, 13], "texture": "#6"},
				"up": {"uv": [0, 0, 1, 13], "texture": "#6"},
				"down": {"uv": [0, 0, 0, 0], "texture": "#6"}
			}
		},
		{
			"from": [1.5, 0, 1],
			"to": [14.5, 2, 2],
			"rotation": {"angle": 0, "axis": "y", "origin": [8, 8, 8]},
			"faces": {
				"north": {"uv": [0, 0, 1, 13], "rotation": 90, "texture": "#6"},
				"east": {"uv": [0, 0, 1, 13], "rotation": 90, "texture": "#6"},
				"south": {"uv": [0, 0, 1, 13], "rotation": 90, "texture": "#6"},
				"west": {"uv": [0, 0, 1, 13], "rotation": 90, "texture": "#6"},
				"up": {"uv": [0, 0, 1, 13], "rotation": 90, "texture": "#6"},
				"down": {"uv": [0, 0, 0, 0], "rotation": 90, "texture": "#6"}
			}
		},
		{
			"from": [1.5, 0, 14],
			"to": [14.5, 2, 15],
			"rotation": {"angle": 0, "axis": "y", "origin": [8, 8, 8]},
			"faces": {
				"north": {"uv": [0, 0, 1, 13], "rotation": 90, "texture": "#6"},
				"east": {"uv": [0, 0, 1, 13], "rotation": 90, "texture": "#6"},
				"south": {"uv": [0, 0, 1, 13], "rotation": 90, "texture": "#6"},
				"west": {"uv": [0, 0, 1, 13], "rotation": 90, "texture": "#6"},
				"up": {"uv": [0, 0, 1, 13], "rotation": 90, "texture": "#6"},
				"down": {"uv": [0, 0, 0, 0], "rotation": 90, "texture": "#6"}
			}
		},
		{
			"from": [1, 0, 1.5],
			"to": [2, 2, 14.5],
			"rotation": {"angle": 0, "axis": "y", "origin": [8, 8, 8]},
			"faces": {
				"north": {"uv": [0, 0, 1, 13], "texture": "#6"},
				"east": {"uv": [0, 0, 1, 13], "texture": "#6"},
				"south": {"uv": [0, 0, 1, 13], "texture": "#6"},
				"west": {"uv": [0, 0, 1, 13], "texture": "#6"},
				"up": {"uv": [0, 0, 1, 13], "texture": "#6"},
				"down": {"uv": [0, 0, 0, 0], "texture": "#6"}
			}
		},
		{
			"from": [14.25, 0, 1.25],
			"to": [15.25, 0.25, 14.75],
			"rotation": {"angle": 0, "axis": "y", "origin": [8, 8, 8]},
			"faces": {
				"north": {"uv": [0, 0, 1, 0.25], "texture": "#6"},
				"east": {"uv": [0, 0, 13.5, 0.25], "texture": "#6"},
				"south": {"uv": [0, 0, 1, 0.25], "texture": "#6"},
				"west": {"uv": [0, 0, 13.5, 0.25], "texture": "#6"},
				"up": {"uv": [0, 0, 1, 13.5], "texture": "#6"},
				"down": {"uv": [0, 0.5, 1, 14], "texture": "#6"}
			}
		},
		{
			"from": [14.25, 1.75, 1.25],
			"to": [15.25, 2, 14.75],
			"rotation": {"angle": 0, "axis": "y", "origin": [8, 8, 8]},
			"faces": {
				"north": {"uv": [0, 0, 1, 0.25], "texture": "#6"},
				"east": {"uv": [0, 0, 13.5, 0.25], "texture": "#6"},
				"south": {"uv": [0, 0, 1, 0.25], "texture": "#6"},
				"west": {"uv": [0, 0, 13.5, 0.25], "texture": "#6"},
				"up": {"uv": [0, 0, 1, 13.5], "texture": "#6"},
				"down": {"uv": [0, 0.5, 1, 14], "texture": "#6"}
			}
		},
		{
			"from": [1.25, 0, 0.75],
			"to": [14.75, 0.25, 1.75],
			"rotation": {"angle": 0, "axis": "y", "origin": [8, 8, 8]},
			"faces": {
				"north": {"uv": [0, 0, 13.5, 0.25], "texture": "#6"},
				"east": {"uv": [0, 0, 1, 0.25], "texture": "#6"},
				"south": {"uv": [0, 0, 13.5, 0.25], "texture": "#6"},
				"west": {"uv": [0, 0, 1, 0.25], "texture": "#6"},
				"up": {"uv": [0, 0, 1, 13.5], "rotation": 270, "texture": "#6"},
				"down": {"uv": [0, 0.5, 1, 14], "rotation": 90, "texture": "#6"}
			}
		},
		{
			"from": [1.25, 1.75, 0.75],
			"to": [14.75, 2, 1.75],
			"rotation": {"angle": 0, "axis": "y", "origin": [8, 8, 8]},
			"faces": {
				"north": {"uv": [0, 0, 13.5, 0.25], "texture": "#6"},
				"east": {"uv": [0, 0, 1, 0.25], "texture": "#6"},
				"south": {"uv": [0, 0, 13.5, 0.25], "texture": "#6"},
				"west": {"uv": [0, 0, 1, 0.25], "texture": "#6"},
				"up": {"uv": [0, 0, 1, 13.5], "rotation": 270, "texture": "#6"},
				"down": {"uv": [0, 0.5, 1, 14], "rotation": 90, "texture": "#6"}
			}
		},
		{
			"from": [1.25, 0, 14.25],
			"to": [14.75, 0.25, 15.25],
			"rotation": {"angle": 0, "axis": "y", "origin": [8, 8, 8]},
			"faces": {
				"north": {"uv": [0, 0, 13.5, 0.25], "texture": "#6"},
				"east": {"uv": [0, 0, 1, 0.25], "texture": "#6"},
				"south": {"uv": [0, 0, 13.5, 0.25], "texture": "#6"},
				"west": {"uv": [0, 0, 1, 0.25], "texture": "#6"},
				"up": {"uv": [0, 0, 1, 13.5], "rotation": 270, "texture": "#6"},
				"down": {"uv": [0, 0.5, 1, 14], "rotation": 90, "texture": "#6"}
			}
		},
		{
			"from": [1.25, 1.75, 14.25],
			"to": [14.75, 2, 15.25],
			"rotation": {"angle": 0, "axis": "y", "origin": [8, 8, 8]},
			"faces": {
				"north": {"uv": [0, 0, 13.5, 0.25], "texture": "#6"},
				"east": {"uv": [0, 0, 1, 0.25], "texture": "#6"},
				"south": {"uv": [0, 0, 13.5, 0.25], "texture": "#6"},
				"west": {"uv": [0, 0, 1, 0.25], "texture": "#6"},
				"up": {"uv": [0, 0, 1, 13.5], "rotation": 270, "texture": "#6"},
				"down": {"uv": [0, 0.5, 1, 14], "rotation": 90, "texture": "#6"}
			}
		},
		{
			"from": [0.75, 0, 1.25],
			"to": [1.75, 0.25, 14.75],
			"rotation": {"angle": 0, "axis": "y", "origin": [8, 8, 8]},
			"faces": {
				"north": {"uv": [0, 0, 1, 0.25], "texture": "#6"},
				"east": {"uv": [0, 0, 13.5, 0.25], "texture": "#6"},
				"south": {"uv": [0, 0, 1, 0.25], "texture": "#6"},
				"west": {"uv": [0, 0, 13.5, 0.25], "texture": "#6"},
				"up": {"uv": [0, 0, 1, 13.5], "texture": "#6"},
				"down": {"uv": [0, 0.5, 1, 14], "texture": "#6"}
			}
		},
		{
			"from": [0.75, 1.75, 1.25],
			"to": [1.75, 2, 14.75],
			"rotation": {"angle": 0, "axis": "y", "origin": [8, 8, 8]},
			"faces": {
				"north": {"uv": [0, 0, 1, 0.25], "texture": "#6"},
				"east": {"uv": [0, 0, 13.5, 0.25], "texture": "#6"},
				"south": {"uv": [0, 0, 1, 0.25], "texture": "#6"},
				"west": {"uv": [0, 0, 13.5, 0.25], "texture": "#6"},
				"up": {"uv": [0, 0, 1, 13.5], "texture": "#6"},
				"down": {"uv": [0, 0.5, 1, 14], "texture": "#6"}
			}
		},
		{
			"from": [5.4, 5.4, 0.9],
			"to": [6.6, 6.6, 2.1],
			"rotation": {"angle": 45, "axis": "z", "origin": [8, 6.5, 1]},
			"faces": {
				"north": {"uv": [14, 5, 15, 6], "texture": "#6"},
				"east": {"uv": [11, 0, 12, 1], "texture": "#6"},
				"south": {"uv": [12, 7, 13, 8], "texture": "#6"},
				"west": {"uv": [9, 0, 10, 1], "texture": "#6"},
				"up": {"uv": [13, 0, 14, 1], "texture": "#6"},
				"down": {"uv": [15, 4, 16, 5], "texture": "#6"}
			}
		},
		{
			"from": [6.9, 3.9, 0.9],
			"to": [8.1, 5.1, 2.1],
			"rotation": {"angle": 45, "axis": "z", "origin": [8, 6.5, 1]},
			"faces": {
				"north": {"uv": [14, 5, 15, 6], "texture": "#6"},
				"east": {"uv": [11, 0, 12, 1], "texture": "#6"},
				"south": {"uv": [12, 7, 13, 8], "texture": "#6"},
				"west": {"uv": [9, 0, 10, 1], "texture": "#6"},
				"up": {"uv": [13, 0, 14, 1], "texture": "#6"},
				"down": {"uv": [15, 4, 16, 5], "texture": "#6"}
			}
		},
		{
			"from": [6.8, 5.3, 0.8],
			"to": [8.2, 6.7, 2.2],
			"rotation": {"angle": 45, "axis": "z", "origin": [8, 6.5, 1]},
			"faces": {
				"north": {"uv": [14, 5, 15, 6], "texture": "#6"},
				"east": {"uv": [11, 0, 12, 1], "texture": "#6"},
				"south": {"uv": [12, 7, 13, 8], "texture": "#6"},
				"west": {"uv": [9, 0, 10, 1], "texture": "#6"},
				"up": {"uv": [13, 0, 14, 1], "texture": "#6"},
				"down": {"uv": [15, 4, 16, 5], "texture": "#6"}
			}
		},
		{
			"from": [7.5, 2, 1],
			"to": [8.5, 6, 2],
			"faces": {
				"north": {"uv": [14, 5, 15, 9], "texture": "#6"},
				"east": {"uv": [11, 0, 12, 4], "texture": "#6"},
				"south": {"uv": [12, 7, 13, 11], "texture": "#6"},
				"west": {"uv": [9, 0, 10, 4], "texture": "#6"},
				"up": {"uv": [13, 0, 14, 1], "texture": "#6"},
				"down": {"uv": [15, 4, 16, 5], "texture": "#6"}
			}
		},
		{
			"from": [5.4, 5.4, 13.9],
			"to": [6.6, 6.6, 15.1],
			"rotation": {"angle": 45, "axis": "z", "origin": [8, 6.5, 14]},
			"faces": {
				"north": {"uv": [14, 5, 15, 6], "texture": "#6"},
				"east": {"uv": [11, 0, 12, 1], "texture": "#6"},
				"south": {"uv": [12, 7, 13, 8], "texture": "#6"},
				"west": {"uv": [9, 0, 10, 1], "texture": "#6"},
				"up": {"uv": [13, 0, 14, 1], "texture": "#6"},
				"down": {"uv": [15, 4, 16, 5], "texture": "#6"}
			}
		},
		{
			"from": [6.9, 3.9, 13.9],
			"to": [8.1, 5.1, 15.1],
			"rotation": {"angle": 45, "axis": "z", "origin": [8, 6.5, 14]},
			"faces": {
				"north": {"uv": [14, 5, 15, 6], "texture": "#6"},
				"east": {"uv": [11, 0, 12, 1], "texture": "#6"},
				"south": {"uv": [12, 7, 13, 8], "texture": "#6"},
				"west": {"uv": [9, 0, 10, 1], "texture": "#6"},
				"up": {"uv": [13, 0, 14, 1], "texture": "#6"},
				"down": {"uv": [15, 4, 16, 5], "texture": "#6"}
			}
		},
		{
			"from": [6.8, 5.3, 13.8],
			"to": [8.2, 6.7, 15.2],
			"rotation": {"angle": 45, "axis": "z", "origin": [8, 6.5, 14]},
			"faces": {
				"north": {"uv": [14, 5, 15, 6], "texture": "#6"},
				"east": {"uv": [11, 0, 12, 1], "texture": "#6"},
				"south": {"uv": [12, 7, 13, 8], "texture": "#6"},
				"west": {"uv": [9, 0, 10, 1], "texture": "#6"},
				"up": {"uv": [13, 0, 14, 1], "texture": "#6"},
				"down": {"uv": [15, 4, 16, 5], "texture": "#6"}
			}
		},
		{
			"from": [7.5, 2, 14],
			"to": [8.5, 6, 15],
			"rotation": {"angle": 0, "axis": "y", "origin": [0, 0, 13]},
			"faces": {
				"north": {"uv": [14, 5, 15, 9], "texture": "#6"},
				"east": {"uv": [11, 0, 12, 4], "texture": "#6"},
				"south": {"uv": [12, 7, 13, 11], "texture": "#6"},
				"west": {"uv": [9, 0, 10, 4], "texture": "#6"},
				"up": {"uv": [13, 0, 14, 1], "texture": "#6"},
				"down": {"uv": [15, 4, 16, 5], "texture": "#6"}
			}
		},
		{
			"from": [13.9, 4.65628, 8.20806],
			"to": [15.1, 5.85628, 9.40806],
			"rotation": {"angle": 45, "axis": "x", "origin": [14, 4.81434, 8.5]},
			"faces": {
				"north": {"uv": [14, 5, 15, 6], "texture": "#6"},
				"east": {"uv": [11, 0, 12, 1], "texture": "#6"},
				"south": {"uv": [12, 7, 13, 8], "texture": "#6"},
				"west": {"uv": [9, 0, 10, 1], "texture": "#6"},
				"up": {"uv": [13, 0, 14, 1], "rotation": 270, "texture": "#6"},
				"down": {"uv": [15, 4, 16, 5], "rotation": 90, "texture": "#6"}
			}
		},
		{
			"from": [13.9, 3.15628, 6.70806],
			"to": [15.1, 4.35628, 7.90806],
			"rotation": {"angle": 45, "axis": "x", "origin": [14, 4.81434, 8.5]},
			"faces": {
				"north": {"uv": [14, 5, 15, 6], "texture": "#6"},
				"east": {"uv": [11, 0, 12, 1], "texture": "#6"},
				"south": {"uv": [12, 7, 13, 8], "texture": "#6"},
				"west": {"uv": [9, 0, 10, 1], "texture": "#6"},
				"up": {"uv": [13, 0, 14, 1], "rotation": 270, "texture": "#6"},
				"down": {"uv": [15, 4, 16, 5], "rotation": 90, "texture": "#6"}
			}
		},
		{
			"from": [13.8, 4.55628, 6.60806],
			"to": [15.2, 5.95628, 8.00806],
			"rotation": {"angle": 45, "axis": "x", "origin": [14, 4.81434, 8.5]},
			"faces": {
				"north": {"uv": [14, 5, 15, 6], "texture": "#6"},
				"east": {"uv": [11, 0, 12, 1], "texture": "#6"},
				"south": {"uv": [12, 7, 13, 8], "texture": "#6"},
				"west": {"uv": [9, 0, 10, 1], "texture": "#6"},
				"up": {"uv": [13, 0, 14, 1], "rotation": 270, "texture": "#6"},
				"down": {"uv": [15, 4, 16, 5], "rotation": 90, "texture": "#6"}
			}
		},
		{
			"from": [14, 2, 7.5],
			"to": [15, 6, 8.5],
			"rotation": {"angle": 0, "axis": "y", "origin": [14, 4.81434, 8.5]},
			"faces": {
				"north": {"uv": [14, 5, 15, 9], "texture": "#6"},
				"east": {"uv": [11, 0, 12, 4], "texture": "#6"},
				"south": {"uv": [12, 7, 13, 11], "texture": "#6"},
				"west": {"uv": [9, 0, 10, 4], "texture": "#6"},
				"up": {"uv": [13, 0, 14, 1], "rotation": 270, "texture": "#6"},
				"down": {"uv": [15, 4, 16, 5], "rotation": 90, "texture": "#6"}
			}
		},
		{
			"from": [0.9, 4.65628, 8.20806],
			"to": [2.1, 5.85628, 9.40806],
			"rotation": {"angle": 45, "axis": "x", "origin": [1, 4.81434, 8.5]},
			"faces": {
				"north": {"uv": [14, 5, 15, 6], "texture": "#6"},
				"east": {"uv": [11, 0, 12, 1], "texture": "#6"},
				"south": {"uv": [12, 7, 13, 8], "texture": "#6"},
				"west": {"uv": [9, 0, 10, 1], "texture": "#6"},
				"up": {"uv": [13, 0, 14, 1], "rotation": 270, "texture": "#6"},
				"down": {"uv": [15, 4, 16, 5], "rotation": 90, "texture": "#6"}
			}
		},
		{
			"from": [0.9, 3.15628, 6.70806],
			"to": [2.1, 4.35628, 7.90806],
			"rotation": {"angle": 45, "axis": "x", "origin": [1, 4.81434, 8.5]},
			"faces": {
				"north": {"uv": [14, 5, 15, 6], "texture": "#6"},
				"east": {"uv": [11, 0, 12, 1], "texture": "#6"},
				"south": {"uv": [12, 7, 13, 8], "texture": "#6"},
				"west": {"uv": [9, 0, 10, 1], "texture": "#6"},
				"up": {"uv": [13, 0, 14, 1], "rotation": 270, "texture": "#6"},
				"down": {"uv": [15, 4, 16, 5], "rotation": 90, "texture": "#6"}
			}
		},
		{
			"from": [0.8, 4.55628, 6.60806],
			"to": [2.2, 5.95628, 8.00806],
			"rotation": {"angle": 45, "axis": "x", "origin": [1, 4.81434, 8.5]},
			"faces": {
				"north": {"uv": [14, 5, 15, 6], "texture": "#6"},
				"east": {"uv": [11, 0, 12, 1], "texture": "#6"},
				"south": {"uv": [12, 7, 13, 8], "texture": "#6"},
				"west": {"uv": [9, 0, 10, 1], "texture": "#6"},
				"up": {"uv": [13, 0, 14, 1], "rotation": 270, "texture": "#6"},
				"down": {"uv": [15, 4, 16, 5], "rotation": 90, "texture": "#6"}
			}
		},
		{
			"from": [1, 2, 7.5],
			"to": [2, 6, 8.5],
			"rotation": {"angle": 0, "axis": "y", "origin": [1, 4.81434, 8.5]},
			"faces": {
				"north": {"uv": [14, 5, 15, 9], "texture": "#6"},
				"east": {"uv": [11, 0, 12, 4], "texture": "#6"},
				"south": {"uv": [12, 7, 13, 11], "texture": "#6"},
				"west": {"uv": [9, 0, 10, 4], "texture": "#6"},
				"up": {"uv": [13, 0, 14, 1], "rotation": 270, "texture": "#6"},
				"down": {"uv": [15, 4, 16, 5], "rotation": 90, "texture": "#6"}
			}
		},
		{
			"from": [1.05, 2, 5.25],
			"to": [2.05, 3, 6.25],
			"rotation": {"angle": -45, "axis": "x", "origin": [1.3, 2.5, 6.5]},
			"faces": {
				"north": {"uv": [15, 3, 16, 4], "texture": "#6"},
				"east": {"uv": [8, 15, 9, 16], "texture": "#6"},
				"south": {"uv": [15, 9, 16, 10], "texture": "#6"},
				"west": {"uv": [4, 15, 5, 16], "texture": "#6"},
				"up": {"uv": [11, 15, 12, 16], "texture": "#6"},
				"down": {"uv": [1, 15, 2, 16], "texture": "#6"}
			}
		},
		{
			"from": [1.05, 2, 9.75],
			"to": [2.05, 3, 10.75],
			"rotation": {"angle": 45, "axis": "x", "origin": [1.3, 2.5, 9.5]},
			"faces": {
				"north": {"uv": [15, 4, 16, 5], "texture": "#6"},
				"east": {"uv": [13, 15, 14, 16], "texture": "#6"},
				"south": {"uv": [0, 15, 1, 16], "texture": "#6"},
				"west": {"uv": [8, 15, 9, 16], "texture": "#6"},
				"up": {"uv": [15, 9, 16, 10], "texture": "#6"},
				"down": {"uv": [3, 15, 4, 16], "texture": "#6"}
			}
		},
		{
			"from": [1.05, 2, 11.75],
			"to": [2.05, 3, 12.75],
			"rotation": {"angle": 45, "axis": "x", "origin": [1.3, 2.5, 11.5]},
			"faces": {
				"north": {"uv": [0, 0, 1, 1], "texture": "#6"},
				"east": {"uv": [6, 15, 7, 16], "texture": "#6"},
				"south": {"uv": [8, 15, 9, 16], "texture": "#6"},
				"west": {"uv": [9, 15, 10, 16], "texture": "#6"},
				"up": {"uv": [9, 15, 10, 16], "texture": "#6"},
				"down": {"uv": [15, 6, 16, 7], "texture": "#6"}
			}
		},
		{
			"from": [1.05, 2, 3.25],
			"to": [2.05, 3, 4.25],
			"rotation": {"angle": -45, "axis": "x", "origin": [1.3, 2.5, 4.5]},
			"faces": {
				"north": {"uv": [4, 15, 5, 16], "texture": "#6"},
				"east": {"uv": [13, 15, 14, 16], "texture": "#6"},
				"south": {"uv": [0, 14, 1, 15], "texture": "#6"},
				"west": {"uv": [0, 15, 1, 16], "texture": "#6"},
				"up": {"uv": [6, 15, 7, 16], "texture": "#6"},
				"down": {"uv": [15, 3, 16, 4], "texture": "#6"}
			}
		},
		{
			"from": [13.95, 2, 5.25],
			"to": [14.95, 3, 6.25],
			"rotation": {"angle": -45, "axis": "x", "origin": [14.2, 2.5, 6.5]},
			"faces": {
				"north": {"uv": [15, 13, 16, 14], "texture": "#6"},
				"east": {"uv": [3, 15, 4, 16], "texture": "#6"},
				"south": {"uv": [6, 15, 7, 16], "texture": "#6"},
				"west": {"uv": [0, 15, 1, 16], "texture": "#6"},
				"up": {"uv": [12, 15, 13, 16], "texture": "#6"},
				"down": {"uv": [9, 15, 10, 16], "texture": "#6"}
			}
		},
		{
			"from": [13.95, 2, 9.75],
			"to": [14.95, 3, 10.75],
			"rotation": {"angle": 45, "axis": "x", "origin": [14.2, 2.5, 9.5]},
			"faces": {
				"north": {"uv": [15, 4, 16, 5], "texture": "#6"},
				"east": {"uv": [12, 15, 13, 16], "texture": "#6"},
				"south": {"uv": [15, 10, 16, 11], "texture": "#6"},
				"west": {"uv": [9, 15, 10, 16], "texture": "#6"},
				"up": {"uv": [5, 15, 6, 16], "texture": "#6"},
				"down": {"uv": [1, 15, 2, 16], "texture": "#6"}
			}
		},
		{
			"from": [13.95, 2, 11.75],
			"to": [14.95, 3, 12.75],
			"rotation": {"angle": 45, "axis": "x", "origin": [14.2, 2.5, 11.5]},
			"faces": {
				"north": {"uv": [5, 15, 6, 16], "texture": "#6"},
				"east": {"uv": [3, 15, 4, 16], "texture": "#6"},
				"south": {"uv": [10, 15, 11, 16], "texture": "#6"},
				"west": {"uv": [5, 15, 6, 16], "texture": "#6"},
				"up": {"uv": [12, 15, 13, 16], "texture": "#6"},
				"down": {"uv": [8, 15, 9, 16], "texture": "#6"}
			}
		},
		{
			"from": [13.95, 2, 3.25],
			"to": [14.95, 3, 4.25],
			"rotation": {"angle": -45, "axis": "x", "origin": [14.2, 2.5, 4.5]},
			"faces": {
				"north": {"uv": [7, 14, 8, 15], "texture": "#6"},
				"east": {"uv": [3, 15, 4, 16], "texture": "#6"},
				"south": {"uv": [0, 15, 1, 16], "texture": "#6"},
				"west": {"uv": [15, 9, 16, 10], "texture": "#6"},
				"up": {"uv": [15, 13, 16, 14], "texture": "#6"},
				"down": {"uv": [9, 15, 10, 16], "texture": "#6"}
			}
		},
		{
			"from": [9.8, 2, 1.05],
			"to": [10.8, 3, 2.05],
			"rotation": {"angle": -45, "axis": "z", "origin": [9.55, 2.5, 1.3]},
			"faces": {
				"north": {"uv": [5, 15, 6, 16], "texture": "#6"},
				"east": {"uv": [13, 15, 14, 16], "texture": "#6"},
				"south": {"uv": [8, 15, 9, 16], "texture": "#6"},
				"west": {"uv": [1, 15, 2, 16], "texture": "#6"},
				"up": {"uv": [0, 14, 1, 15], "rotation": 90, "texture": "#6"},
				"down": {"uv": [15, 9, 16, 10], "rotation": 270, "texture": "#6"}
			}
		},
		{
			"from": [5.3, 2, 1.05],
			"to": [6.3, 3, 2.05],
			"rotation": {"angle": 45, "axis": "z", "origin": [6.55, 2.5, 1.3]},
			"faces": {
				"north": {"uv": [5, 15, 6, 16], "texture": "#6"},
				"east": {"uv": [0, 0, 1, 1], "texture": "#6"},
				"south": {"uv": [15, 12, 16, 13], "texture": "#6"},
				"west": {"uv": [9, 15, 10, 16], "texture": "#6"},
				"up": {"uv": [11, 15, 12, 16], "rotation": 90, "texture": "#6"},
				"down": {"uv": [1, 15, 2, 16], "rotation": 270, "texture": "#6"}
			}
		},
		{
			"from": [3.3, 2, 1.05],
			"to": [4.3, 3, 2.05],
			"rotation": {"angle": 45, "axis": "z", "origin": [4.55, 2.5, 1.3]},
			"faces": {
				"north": {"uv": [5, 15, 6, 16], "texture": "#6"},
				"east": {"uv": [0, 0, 1, 1], "texture": "#6"},
				"south": {"uv": [13, 15, 14, 16], "texture": "#6"},
				"west": {"uv": [9, 15, 10, 16], "texture": "#6"},
				"up": {"uv": [15, 12, 16, 13], "rotation": 90, "texture": "#6"},
				"down": {"uv": [1, 15, 2, 16], "rotation": 270, "texture": "#6"}
			}
		},
		{
			"from": [11.8, 2, 1.05],
			"to": [12.8, 3, 2.05],
			"rotation": {"angle": -45, "axis": "z", "origin": [11.55, 2.5, 1.3]},
			"faces": {
				"north": {"uv": [5, 15, 6, 16], "texture": "#6"},
				"east": {"uv": [3, 15, 4, 16], "texture": "#6"},
				"south": {"uv": [13, 15, 14, 16], "texture": "#6"},
				"west": {"uv": [15, 12, 16, 13], "texture": "#6"},
				"up": {"uv": [9, 15, 10, 16], "rotation": 90, "texture": "#6"},
				"down": {"uv": [1, 15, 2, 16], "rotation": 270, "texture": "#6"}
			}
		},
		{
			"from": [9.8, 2, 13.95],
			"to": [10.8, 3, 14.95],
			"rotation": {"angle": -45, "axis": "z", "origin": [9.55, 2.5, 14.2]},
			"faces": {
				"north": {"uv": [5, 15, 6, 16], "texture": "#6"},
				"east": {"uv": [7, 15, 8, 16], "texture": "#6"},
				"south": {"uv": [1, 15, 2, 16], "texture": "#6"},
				"west": {"uv": [3, 15, 4, 16], "texture": "#6"},
				"up": {"uv": [11, 15, 12, 16], "rotation": 90, "texture": "#6"},
				"down": {"uv": [9, 15, 10, 16], "rotation": 270, "texture": "#6"}
			}
		},
		{
			"from": [5.3, 2, 13.95],
			"to": [6.3, 3, 14.95],
			"rotation": {"angle": 45, "axis": "z", "origin": [6.55, 2.5, 14.2]},
			"faces": {
				"north": {"uv": [5, 15, 6, 16], "texture": "#6"},
				"east": {"uv": [7, 15, 8, 16], "texture": "#6"},
				"south": {"uv": [1, 15, 2, 16], "texture": "#6"},
				"west": {"uv": [3, 15, 4, 16], "texture": "#6"},
				"up": {"uv": [11, 15, 12, 16], "rotation": 90, "texture": "#6"},
				"down": {"uv": [9, 15, 10, 16], "rotation": 270, "texture": "#6"}
			}
		},
		{
			"from": [3.3, 2, 13.95],
			"to": [4.3, 3, 14.95],
			"rotation": {"angle": 45, "axis": "z", "origin": [4.55, 2.5, 14.2]},
			"faces": {
				"north": {"uv": [5, 15, 6, 16], "texture": "#6"},
				"east": {"uv": [7, 15, 8, 16], "texture": "#6"},
				"south": {"uv": [1, 15, 2, 16], "texture": "#6"},
				"west": {"uv": [3, 15, 4, 16], "texture": "#6"},
				"up": {"uv": [11, 15, 12, 16], "rotation": 90, "texture": "#6"},
				"down": {"uv": [9, 15, 10, 16], "rotation": 270, "texture": "#6"}
			}
		},
		{
			"from": [11.8, 2, 13.95],
			"to": [12.8, 3, 14.95],
			"rotation": {"angle": -45, "axis": "z", "origin": [11.55, 2.5, 14.2]},
			"faces": {
				"north": {"uv": [5, 15, 6, 16], "texture": "#6"},
				"east": {"uv": [7, 15, 8, 16], "texture": "#6"},
				"south": {"uv": [1, 15, 2, 16], "texture": "#6"},
				"west": {"uv": [3, 15, 4, 16], "texture": "#6"},
				"up": {"uv": [11, 15, 12, 16], "rotation": 90, "texture": "#6"},
				"down": {"uv": [9, 15, 10, 16], "rotation": 270, "texture": "#6"}
			}
		},
		{
			"from": [7.5, 4.4, 0.6],
			"to": [8.5, 5.4, 1.6],
			"rotation": {"angle": -45, "axis": "z", "origin": [8.05178, 4.90178, 1.1]},
			"faces": {
				"north": {"uv": [5, 15, 6, 16], "rotation": 90, "texture": "#2"},
				"east": {"uv": [0, 0, 1, 1], "rotation": 270, "texture": "#2"},
				"south": {"uv": [0, 0, 1, 1], "rotation": 270, "texture": "#2"},
				"west": {"uv": [0, 0, 1, 1], "rotation": 270, "texture": "#2"},
				"up": {"uv": [0, 0, 1, 1], "rotation": 270, "texture": "#2"},
				"down": {"uv": [0, 0, 1, 1], "rotation": 270, "texture": "#2"}
			}
		},
		{
			"from": [7.5, 4.4, 14.4],
			"to": [8.5, 5.4, 15.4],
			"rotation": {"angle": -45, "axis": "z", "origin": [8.05178, 4.90178, 14.9]},
			"faces": {
				"north": {"uv": [5, 15, 6, 16], "rotation": 90, "texture": "#2"},
				"east": {"uv": [0, 0, 1, 1], "rotation": 270, "texture": "#2"},
				"south": {"uv": [0, 0, 1, 1], "rotation": 270, "texture": "#2"},
				"west": {"uv": [0, 0, 1, 1], "rotation": 270, "texture": "#2"},
				"up": {"uv": [0, 0, 1, 1], "rotation": 270, "texture": "#2"},
				"down": {"uv": [0, 0, 1, 1], "rotation": 270, "texture": "#2"}
			}
		},
		{
			"from": [0.55178, 1.4, 7.44822],
			"to": [1.55178, 2.4, 8.44822],
			"rotation": {"angle": 45, "axis": "x", "origin": [1.05178, 1.90178, 8]},
			"faces": {
				"north": {"uv": [5, 15, 6, 16], "rotation": 270, "texture": "#1"},
				"east": {"uv": [0, 0, 1, 1], "rotation": 90, "texture": "#1"},
				"south": {"uv": [0, 0, 1, 1], "rotation": 270, "texture": "#1"},
				"west": {"uv": [0, 0, 1, 1], "rotation": 270, "texture": "#1"},
				"up": {"uv": [0, 0, 1, 1], "texture": "#1"},
				"down": {"uv": [0, 0, 1, 1], "rotation": 180, "texture": "#1"}
			}
		},
		{
			"from": [7.5, 1.4, 14.5],
			"to": [8.5, 2.4, 15.5],
			"rotation": {"angle": -45, "axis": "z", "origin": [8.05178, 1.90178, 15]},
			"faces": {
				"north": {"uv": [5, 15, 6, 16], "rotation": 90, "texture": "#1"},
				"east": {"uv": [0, 0, 1, 1], "rotation": 270, "texture": "#1"},
				"south": {"uv": [0, 0, 1, 1], "rotation": 270, "texture": "#1"},
				"west": {"uv": [0, 0, 1, 1], "rotation": 270, "texture": "#1"},
				"up": {"uv": [0, 0, 1, 1], "rotation": 270, "texture": "#1"},
				"down": {"uv": [0, 0, 1, 1], "rotation": 270, "texture": "#1"}
			}
		},
		{
			"from": [14.55178, 1.4, 7.44822],
			"to": [15.55178, 2.4, 8.44822],
			"rotation": {"angle": 45, "axis": "x", "origin": [15.05178, 1.90178, 8]},
			"faces": {
				"north": {"uv": [5, 15, 6, 16], "rotation": 270, "texture": "#1"},
				"east": {"uv": [0, 0, 1, 1], "rotation": 90, "texture": "#1"},
				"south": {"uv": [0, 0, 1, 1], "rotation": 270, "texture": "#1"},
				"west": {"uv": [0, 0, 1, 1], "rotation": 270, "texture": "#1"},
				"up": {"uv": [0, 0, 1, 1], "texture": "#1"},
				"down": {"uv": [0, 0, 1, 1], "rotation": 180, "texture": "#1"}
			}
		},
		{
			"from": [0.55178, 4.4, 7.44822],
			"to": [1.55178, 5.4, 8.44822],
			"rotation": {"angle": 45, "axis": "x", "origin": [1.05178, 4.90178, 8]},
			"faces": {
				"north": {"uv": [5, 15, 6, 16], "rotation": 270, "texture": "#2"},
				"east": {"uv": [0, 0, 1, 1], "rotation": 90, "texture": "#2"},
				"south": {"uv": [0, 0, 1, 1], "rotation": 270, "texture": "#2"},
				"west": {"uv": [0, 0, 1, 1], "rotation": 270, "texture": "#2"},
				"up": {"uv": [0, 0, 1, 1], "texture": "#2"},
				"down": {"uv": [0, 0, 1, 1], "rotation": 180, "texture": "#2"}
			}
		},
		{
			"from": [14.45178, 4.4, 7.44822],
			"to": [15.45178, 5.4, 8.44822],
			"rotation": {"angle": 45, "axis": "x", "origin": [14.95178, 4.90178, 8]},
			"faces": {
				"north": {"uv": [5, 15, 6, 16], "rotation": 270, "texture": "#2"},
				"east": {"uv": [0, 0, 1, 1], "rotation": 90, "texture": "#2"},
				"south": {"uv": [0, 0, 1, 1], "rotation": 270, "texture": "#2"},
				"west": {"uv": [0, 0, 1, 1], "rotation": 270, "texture": "#2"},
				"up": {"uv": [0, 0, 1, 1], "texture": "#2"},
				"down": {"uv": [0, 0, 1, 1], "rotation": 180, "texture": "#2"}
			}
		},
		{
			"from": [7.5, 1.4, 0.5],
			"to": [8.5, 2.4, 1.5],
			"rotation": {"angle": -45, "axis": "z", "origin": [8.05178, 1.90178, 1]},
			"faces": {
				"north": {"uv": [5, 15, 6, 16], "rotation": 90, "texture": "#1"},
				"east": {"uv": [0, 0, 1, 1], "rotation": 270, "texture": "#1"},
				"south": {"uv": [0, 0, 1, 1], "rotation": 270, "texture": "#1"},
				"west": {"uv": [0, 0, 1, 1], "rotation": 270, "texture": "#1"},
				"up": {"uv": [0, 0, 1, 1], "rotation": 270, "texture": "#1"},
				"down": {"uv": [0, 0, 1, 1], "rotation": 270, "texture": "#1"}
			}
		},
		{
			"from": [1, 2, 1.15],
			"to": [1.75, 5, 1.9],
			"rotation": {"angle": -45, "axis": "y", "origin": [1.5, 4.94692, 1.47725]},
			"faces": {
				"north": {"uv": [4, 12, 5, 16], "texture": "#6"},
				"east": {"uv": [4, 12, 5, 16], "texture": "#6"},
				"south": {"uv": [4, 11, 5, 15], "texture": "#6"},
				"west": {"uv": [4, 11, 5, 15], "texture": "#6"},
				"up": {"uv": [1, 15, 2, 16], "rotation": 270, "texture": "#6"},
				"down": {"uv": [4, 13, 5, 14], "rotation": 90, "texture": "#6"}
			}
		},
		{
			"from": [10.35, 2, 10.35],
			"to": [11.1, 5, 11.1],
			"rotation": {"angle": -45, "axis": "y", "origin": [1.37785, 3.5, 1.42263]},
			"faces": {
				"north": {"uv": [4, 12, 5, 16], "texture": "#6"},
				"east": {"uv": [4, 12, 5, 16], "texture": "#6"},
				"south": {"uv": [4, 11, 5, 15], "texture": "#6"},
				"west": {"uv": [4, 11, 5, 15], "texture": "#6"},
				"up": {"uv": [1, 15, 2, 16], "rotation": 270, "texture": "#6"},
				"down": {"uv": [4, 13, 5, 14], "rotation": 90, "texture": "#6"}
			}
		},
		{
			"from": [10.35, 2, -8.3],
			"to": [11.1, 5, -7.55],
			"rotation": {"angle": -45, "axis": "y", "origin": [1.37785, 3.5, 1.42263]},
			"faces": {
				"north": {"uv": [4, 12, 5, 16], "texture": "#6"},
				"east": {"uv": [4, 12, 5, 16], "texture": "#6"},
				"south": {"uv": [1, 12, 2, 16], "texture": "#6"},
				"west": {"uv": [5, 12, 6, 16], "texture": "#6"},
				"up": {"uv": [8, 15, 9, 16], "rotation": 270, "texture": "#6"},
				"down": {"uv": [4, 13, 5, 14], "rotation": 90, "texture": "#6"}
			}
		},
		{
			"from": [19.75, 2, 1.15],
			"to": [20.5, 5, 1.9],
			"rotation": {"angle": -45, "axis": "y", "origin": [1.5, 4.94692, 1.47725]},
			"faces": {
				"north": {"uv": [4, 12, 5, 16], "texture": "#6"},
				"east": {"uv": [4, 12, 5, 16], "texture": "#6"},
				"south": {"uv": [4, 11, 5, 15], "texture": "#6"},
				"west": {"uv": [4, 11, 5, 15], "texture": "#6"},
				"up": {"uv": [1, 15, 2, 16], "rotation": 270, "texture": "#6"},
				"down": {"uv": [4, 13, 5, 14], "rotation": 90, "texture": "#6"}
			}
		},
		{
			"from": [3.5, 1, 2],
			"to": [12.5, 6.5, 3],
			"rotation": {"angle": 0, "axis": "y", "origin": [8, 6, 5.5]},
			"faces": {
				"north": {"uv": [0, 0, 9, 5.5], "texture": "#4"},
				"east": {"uv": [0, 0, 1, 5.5], "texture": "#4"},
				"south": {"uv": [0, 0, 9, 5.5], "texture": "#4"},
				"west": {"uv": [0, 0, 1, 5.5], "texture": "#4"},
				"up": {"uv": [0, 0, 9, 1], "texture": "#4"},
				"down": {"uv": [0, 0, 9, 1], "texture": "#4"}
			}
		},
		{
			"from": [13, 1, 3.5],
			"to": [14, 6.5, 12.5],
			"rotation": {"angle": 0, "axis": "y", "origin": [8, 6, 5.5]},
			"faces": {
				"north": {"uv": [0, 0, 1, 5.5], "texture": "#4"},
				"east": {"uv": [0, 0, 9, 5.5], "texture": "#4"},
				"south": {"uv": [0, 0, 1, 5.5], "texture": "#4"},
				"west": {"uv": [0, 0, 9, 5.5], "texture": "#4"},
				"up": {"uv": [0, 0, 9, 1], "rotation": 90, "texture": "#4"},
				"down": {"uv": [0, 0, 9, 1], "rotation": 270, "texture": "#4"}
			}
		},
		{
			"from": [2, 1, 3.5],
			"to": [3, 6.5, 12.5],
			"rotation": {"angle": 0, "axis": "y", "origin": [8, 6, 5.5]},
			"faces": {
				"north": {"uv": [0, 0, 1, 5.5], "texture": "#4"},
				"east": {"uv": [0, 0, 9, 5.5], "texture": "#4"},
				"south": {"uv": [0, 0, 1, 5.5], "texture": "#4"},
				"west": {"uv": [0, 0, 9, 5.5], "texture": "#4"},
				"up": {"uv": [0, 0, 9, 1], "rotation": 90, "texture": "#4"},
				"down": {"uv": [0, 0, 9, 1], "rotation": 270, "texture": "#4"}
			}
		},
		{
			"from": [3.5, 1, 13],
			"to": [12.5, 6.5, 14],
			"rotation": {"angle": 0, "axis": "y", "origin": [8, 6, 5.5]},
			"faces": {
				"north": {"uv": [0, 0, 9, 5.5], "texture": "#4"},
				"east": {"uv": [0, 0, 1, 5.5], "texture": "#4"},
				"south": {"uv": [0, 0, 9, 5.5], "texture": "#4"},
				"west": {"uv": [0, 0, 1, 5.5], "texture": "#4"},
				"up": {"uv": [0, 0, 9, 1], "texture": "#4"},
				"down": {"uv": [0, 0, 9, 1], "texture": "#4"}
			}
		},
		{
			"from": [3.5, 1.1, 13],
			"to": [7.5, 7.1, 14],
			"rotation": {"angle": 22.5, "axis": "x", "origin": [5.5, 4, 12.5]},
			"faces": {
				"north": {"uv": [0, 0, 4, 6], "texture": "#4"},
				"east": {"uv": [0, 0, 1, 6], "texture": "#4"},
				"south": {"uv": [0, 0, 4, 6], "texture": "#4"},
				"west": {"uv": [0, 0, 1, 6], "texture": "#4"},
				"up": {"uv": [0, 0, 4, 1], "texture": "#4"},
				"down": {"uv": [0, 0, 4, 1], "texture": "#4"}
			}
		},
		{
			"from": [8.5, 1.1, 13],
			"to": [12.5, 7.1, 14],
			"rotation": {"angle": 22.5, "axis": "x", "origin": [5.5, 4, 12.5]},
			"faces": {
				"north": {"uv": [0, 0, 4, 6], "texture": "#4"},
				"east": {"uv": [0, 0, 1, 6], "texture": "#4"},
				"south": {"uv": [0, 0, 4, 6], "texture": "#4"},
				"west": {"uv": [0, 0, 1, 6], "texture": "#4"},
				"up": {"uv": [0, 0, 4, 1], "texture": "#4"},
				"down": {"uv": [0, 0, 4, 1], "texture": "#4"}
			}
		},
		{
			"from": [12.8, 1.01732, 8.52388],
			"to": [13.8, 7.01732, 12.52388],
			"rotation": {"angle": -22.5, "axis": "z", "origin": [12.5, 3.61732, 13.42388]},
			"faces": {
				"north": {"uv": [0, 0, 1, 6], "texture": "#4"},
				"east": {"uv": [0, 0, 4, 6], "texture": "#4"},
				"south": {"uv": [0, 0, 1, 6], "texture": "#4"},
				"west": {"uv": [0, 0, 4, 6], "texture": "#4"},
				"up": {"uv": [0, 0, 4, 1], "rotation": 270, "texture": "#4"},
				"down": {"uv": [0, 0, 4, 1], "rotation": 90, "texture": "#4"}
			}
		},
		{
			"from": [12.8, 1.01732, 3.52388],
			"to": [13.8, 7.01732, 7.52388],
			"rotation": {"angle": -22.5, "axis": "z", "origin": [12.5, 3.61732, 13.42388]},
			"faces": {
				"north": {"uv": [0, 0, 1, 6], "texture": "#4"},
				"east": {"uv": [0, 0, 4, 6], "texture": "#4"},
				"south": {"uv": [0, 0, 1, 6], "texture": "#4"},
				"west": {"uv": [0, 0, 4, 6], "texture": "#4"},
				"up": {"uv": [0, 0, 4, 1], "rotation": 270, "texture": "#4"},
				"down": {"uv": [0, 0, 4, 1], "rotation": 90, "texture": "#4"}
			}
		},
		{
			"from": [2.15, 1.85, 8.5],
			"to": [3.15, 7.85, 12.5],
			"rotation": {"angle": 22.5, "axis": "z", "origin": [5.5, 4, 12.5]},
			"faces": {
				"north": {"uv": [0, 0, 1, 6], "texture": "#4"},
				"east": {"uv": [0, 0, 4, 6], "texture": "#4"},
				"south": {"uv": [0, 0, 1, 6], "texture": "#4"},
				"west": {"uv": [0, 0, 4, 6], "texture": "#4"},
				"up": {"uv": [0, 0, 4, 1], "rotation": 90, "texture": "#4"},
				"down": {"uv": [0, 0, 4, 1], "rotation": 270, "texture": "#4"}
			}
		},
		{
			"from": [2.15, 1.85, 3.5],
			"to": [3.15, 7.85, 7.5],
			"rotation": {"angle": 22.5, "axis": "z", "origin": [5.5, 4, 12.5]},
			"faces": {
				"north": {"uv": [0, 0, 1, 6], "texture": "#4"},
				"east": {"uv": [0, 0, 4, 6], "texture": "#4"},
				"south": {"uv": [0, 0, 1, 6], "texture": "#4"},
				"west": {"uv": [0, 0, 4, 6], "texture": "#4"},
				"up": {"uv": [0, 0, 4, 1], "rotation": 90, "texture": "#4"},
				"down": {"uv": [0, 0, 4, 1], "rotation": 270, "texture": "#4"}
			}
		},
		{
			"from": [3.54166, 1.74465, 2.25],
			"to": [7.54166, 7.74465, 3.25],
			"rotation": {"angle": -22.5, "axis": "x", "origin": [2.54166, 3.69465, 5.5]},
			"faces": {
				"north": {"uv": [0, 0, 4, 6], "texture": "#4"},
				"east": {"uv": [0, 0, 1, 6], "texture": "#4"},
				"south": {"uv": [0, 0, 4, 6], "texture": "#4"},
				"west": {"uv": [0, 0, 1, 6], "texture": "#4"},
				"up": {"uv": [0, 0, 4, 1], "rotation": 180, "texture": "#4"},
				"down": {"uv": [0, 0, 4, 1], "rotation": 180, "texture": "#4"}
			}
		},
		{
			"from": [8.54166, 1.74465, 2.25],
			"to": [12.54166, 7.74465, 3.25],
			"rotation": {"angle": -22.5, "axis": "x", "origin": [2.54166, 3.69465, 5.5]},
			"faces": {
				"north": {"uv": [0, 0, 4, 6], "texture": "#4"},
				"east": {"uv": [0, 0, 1, 6], "texture": "#4"},
				"south": {"uv": [0, 0, 4, 6], "texture": "#4"},
				"west": {"uv": [0, 0, 1, 6], "texture": "#4"},
				"up": {"uv": [0, 0, 4, 1], "rotation": 180, "texture": "#4"},
				"down": {"uv": [0, 0, 4, 1], "rotation": 180, "texture": "#4"}
			}
		},
		{
			"from": [2.75, 1, 2.75],
			"to": [3.75, 6.6, 3.75],
			"faces": {
				"north": {"uv": [0, 0, 1, 5.6], "texture": "#4"},
				"east": {"uv": [0, 0, 1, 5.6], "texture": "#4"},
				"south": {"uv": [0, 0, 1, 5.6], "texture": "#4"},
				"west": {"uv": [0, 0, 1, 5.6], "texture": "#4"},
				"up": {"uv": [0, 0, 1, 1], "texture": "#4"},
				"down": {"uv": [0, 0, 1, 1], "texture": "#4"}
			}
		},
		{
			"from": [12.25, 1, 2.75],
			"to": [13.25, 6.6, 3.75],
			"faces": {
				"north": {"uv": [0, 0, 1, 5.6], "texture": "#4"},
				"east": {"uv": [0, 0, 1, 5.6], "texture": "#4"},
				"south": {"uv": [0, 0, 1, 5.6], "texture": "#4"},
				"west": {"uv": [0, 0, 1, 5.6], "texture": "#4"},
				"up": {"uv": [0, 0, 1, 1], "texture": "#4"},
				"down": {"uv": [0, 0, 1, 1], "texture": "#4"}
			}
		},
		{
			"from": [12.25, 1, 12.25],
			"to": [13.25, 6.6, 13.25],
			"faces": {
				"north": {"uv": [0, 0, 1, 5.6], "texture": "#4"},
				"east": {"uv": [0, 0, 1, 5.6], "texture": "#4"},
				"south": {"uv": [0, 0, 1, 5.6], "texture": "#4"},
				"west": {"uv": [0, 0, 1, 5.6], "texture": "#4"},
				"up": {"uv": [0, 0, 1, 1], "texture": "#4"},
				"down": {"uv": [0, 0, 1, 1], "texture": "#4"}
			}
		},
		{
			"from": [2.75, 1, 12.25],
			"to": [3.75, 6.6, 13.25],
			"faces": {
				"north": {"uv": [0, 0, 1, 5.6], "texture": "#4"},
				"east": {"uv": [0, 0, 1, 5.6], "texture": "#4"},
				"south": {"uv": [0, 0, 1, 5.6], "texture": "#4"},
				"west": {"uv": [0, 0, 1, 5.6], "texture": "#4"},
				"up": {"uv": [0, 0, 1, 1], "texture": "#4"},
				"down": {"uv": [0, 0, 1, 1], "texture": "#4"}
			}
		},
		{
			"from": [1.85, 5.65, 3.5],
			"to": [14.1, 6.65, 12.5],
			"rotation": {"angle": 0, "axis": "y", "origin": [7.5, 8.5, 7.5]},
			"faces": {
				"north": {"uv": [0, 0, 12.25, 1], "texture": "#4"},
				"east": {"uv": [0, 0, 9, 1], "texture": "#4"},
				"south": {"uv": [0, 0, 12.25, 1], "texture": "#4"},
				"west": {"uv": [0, 0, 9, 1], "texture": "#4"},
				"up": {"uv": [0, 0, 9, 12.25], "rotation": 90, "texture": "#4"},
				"down": {"uv": [0, 0, 9, 12.25], "rotation": 270, "texture": "#4"}
			}
		},
		{
			"from": [4.5, 6.25, 4.5],
			"to": [11.5, 7.25, 11.5],
			"rotation": {"angle": 0, "axis": "y", "origin": [7.5, 8.5, 7.5]},
			"faces": {
				"north": {"uv": [0, 0, 7, 1], "texture": "#4"},
				"east": {"uv": [0, 0, 7, 1], "texture": "#4"},
				"south": {"uv": [0, 0, 7, 1], "texture": "#4"},
				"west": {"uv": [0, 0, 7, 1], "texture": "#4"},
				"up": {"uv": [0, 0, 7, 7], "texture": "#4"},
				"down": {"uv": [0, 0, 7, 7], "texture": "#4"}
			}
		},
		{
			"from": [3.5, 5.65, 1.9],
			"to": [12.5, 6.65, 14.15],
			"rotation": {"angle": 0, "axis": "y", "origin": [7.5, 8.5, 7.5]},
			"faces": {
				"north": {"uv": [0, 0, 9, 1], "texture": "#4"},
				"east": {"uv": [0, 0, 12.25, 1], "texture": "#4"},
				"south": {"uv": [0, 0, 9, 1], "texture": "#4"},
				"west": {"uv": [0, 0, 12.25, 1], "texture": "#4"},
				"up": {"uv": [0, 0, 9, 12.25], "texture": "#4"},
				"down": {"uv": [0, 0, 9, 12.25], "texture": "#4"}
			}
		},
		{
			"from": [6.5, 6.25, 3.5],
			"to": [9.5, 7.25, 4.5],
			"rotation": {"angle": 0, "axis": "y", "origin": [7.5, 8.5, 7.5]},
			"faces": {
				"north": {"uv": [0, 0, 3, 1], "texture": "#4"},
				"east": {"uv": [0, 0, 1, 1], "texture": "#4"},
				"south": {"uv": [0, 0, 3, 1], "texture": "#4"},
				"west": {"uv": [0, 0, 1, 1], "texture": "#4"},
				"up": {"uv": [0, 0, 3, 1], "texture": "#4"},
				"down": {"uv": [0, 0, 3, 1], "texture": "#4"}
			}
		},
		{
			"from": [11.5, 6.25, 6.5],
			"to": [12.5, 7.25, 9.5],
			"rotation": {"angle": 0, "axis": "y", "origin": [7.5, 8.5, 7.5]},
			"faces": {
				"north": {"uv": [0, 0, 1, 1], "texture": "#4"},
				"east": {"uv": [0, 0, 3, 1], "texture": "#4"},
				"south": {"uv": [0, 0, 1, 1], "texture": "#4"},
				"west": {"uv": [0, 0, 3, 1], "texture": "#4"},
				"up": {"uv": [0, 0, 3, 1], "rotation": 90, "texture": "#4"},
				"down": {"uv": [0, 0, 3, 1], "rotation": 270, "texture": "#4"}
			}
		},
		{
			"from": [6.5, 6.25, 11.5],
			"to": [9.5, 7.25, 12.5],
			"rotation": {"angle": 0, "axis": "y", "origin": [7.5, 8.5, 7.75]},
			"faces": {
				"north": {"uv": [0, 0, 3, 1], "texture": "#4"},
				"east": {"uv": [0, 0, 1, 1], "texture": "#4"},
				"south": {"uv": [0, 0, 3, 1], "texture": "#4"},
				"west": {"uv": [0, 0, 1, 1], "texture": "#4"},
				"up": {"uv": [0, 0, 3, 1], "texture": "#4"},
				"down": {"uv": [0, 0, 3, 1], "texture": "#4"}
			}
		},
		{
			"from": [3.5, 6.25, 6.5],
			"to": [4.5, 7.25, 9.5],
			"rotation": {"angle": 0, "axis": "y", "origin": [7.5, 8.5, 7.5]},
			"faces": {
				"north": {"uv": [0, 0, 1, 1], "texture": "#4"},
				"east": {"uv": [0, 0, 3, 1], "texture": "#4"},
				"south": {"uv": [0, 0, 1, 1], "texture": "#4"},
				"west": {"uv": [0, 0, 3, 1], "texture": "#4"},
				"up": {"uv": [0, 0, 3, 1], "rotation": 90, "texture": "#4"},
				"down": {"uv": [0, 0, 3, 1], "rotation": 270, "texture": "#4"}
			}
		},
		{
			"from": [7.5, 6.75, 7.5],
			"to": [8.5, 7.75, 8.5],
			"rotation": {"angle": 0, "axis": "y", "origin": [0, 12.25, 0]},
			"faces": {
				"north": {"uv": [0, 0, 1, 1], "texture": "#6"},
				"east": {"uv": [0, 0, 1, 1], "texture": "#6"},
				"south": {"uv": [0, 0, 1, 1], "texture": "#6"},
				"west": {"uv": [0, 0, 1, 1], "texture": "#6"},
				"up": {"uv": [12, 15, 13, 16], "texture": "#6"},
				"down": {"uv": [0, 0, 1, 1], "texture": "#6"}
			}
		},
		{
			"from": [2.75, 0.5, 0.75],
			"to": [4.75, 1.5, 1.75],
			"rotation": {"angle": 0, "axis": "y", "origin": [2.75, 0.5, 0.75]},
			"faces": {
				"north": {"uv": [1, 1, 3, 2], "texture": "#7"},
				"east": {"uv": [0, 0, 1, 1], "texture": "#7"},
				"south": {"uv": [9, 3, 11, 4], "texture": "#7"},
				"west": {"uv": [0, 6, 1, 7], "texture": "#7"},
				"up": {"uv": [6, 1, 8, 2], "texture": "#7"},
				"down": {"uv": [4, 4, 6, 5], "texture": "#7"}
			}
		},
		{
			"from": [9.4, 0.5, 14.25],
			"to": [10.4, 1.5, 15.25],
			"rotation": {"angle": 0, "axis": "y", "origin": [9.4, 0.5, 0.75]},
			"faces": {
				"north": {"uv": [0, 0, 1, 1], "texture": "#4"},
				"east": {"uv": [0, 0, 1, 1], "texture": "#4"},
				"south": {"uv": [0, 0, 1, 1], "texture": "#4"},
				"west": {"uv": [0, 0, 1, 1], "texture": "#4"},
				"up": {"uv": [0, 0, 1, 1], "texture": "#4"},
				"down": {"uv": [0, 0, 1, 1], "texture": "#4"}
			}
		},
		{
			"from": [9.4, 0.5, 0.75],
			"to": [10.4, 1.5, 1.75],
			"rotation": {"angle": 0, "axis": "y", "origin": [9.4, 0.5, 0.75]},
			"faces": {
				"north": {"uv": [0, 0, 1, 1], "texture": "#4"},
				"east": {"uv": [0, 0, 1, 1], "texture": "#4"},
				"south": {"uv": [0, 0, 1, 1], "texture": "#4"},
				"west": {"uv": [0, 0, 1, 1], "texture": "#4"},
				"up": {"uv": [0, 0, 1, 1], "texture": "#4"},
				"down": {"uv": [0, 0, 1, 1], "texture": "#4"}
			}
		},
		{
			"from": [0.75, 0.5, 2.75],
			"to": [1.75, 1.5, 4.75],
			"rotation": {"angle": 0, "axis": "y", "origin": [1.75, 0.5, 2.75]},
			"faces": {
				"north": {"uv": [14, 1, 15, 2], "texture": "#8"},
				"east": {"uv": [1, 6, 3, 7], "texture": "#8"},
				"south": {"uv": [12, 3, 13, 4], "texture": "#8"},
				"west": {"uv": [8, 1, 10, 2], "texture": "#8"},
				"up": {"uv": [3, 1, 5, 2], "rotation": 90, "texture": "#8"},
				"down": {"uv": [1, 2, 3, 3], "rotation": 270, "texture": "#8"}
			}
		},
		{
			"from": [5.75, 0.5, 0.75],
			"to": [6.75, 1.5, 1.75],
			"rotation": {"angle": 0, "axis": "y", "origin": [5.75, 0.5, 0.75]},
			"faces": {
				"north": {"uv": [0, 0, 1, 1], "texture": "#4"},
				"east": {"uv": [0, 0, 1, 1], "texture": "#4"},
				"south": {"uv": [0, 0, 1, 1], "texture": "#4"},
				"west": {"uv": [0, 0, 1, 1], "texture": "#4"},
				"up": {"uv": [0, 0, 1, 1], "texture": "#4"},
				"down": {"uv": [0, 0, 1, 1], "texture": "#4"}
			}
		},
		{
			"from": [5.75, 0.5, 14.25],
			"to": [6.75, 1.5, 15.25],
			"rotation": {"angle": 0, "axis": "y", "origin": [5.75, 0.5, 0.75]},
			"faces": {
				"north": {"uv": [0, 0, 1, 1], "texture": "#4"},
				"east": {"uv": [0, 0, 1, 1], "texture": "#4"},
				"south": {"uv": [0, 0, 1, 1], "texture": "#4"},
				"west": {"uv": [0, 0, 1, 1], "texture": "#4"},
				"up": {"uv": [0, 0, 1, 1], "texture": "#4"},
				"down": {"uv": [0, 0, 1, 1], "texture": "#4"}
			}
		},
		{
			"from": [14.25, 0.5, 5.75],
			"to": [15.25, 1.5, 6.75],
			"rotation": {"angle": 0, "axis": "y", "origin": [15.25, 0.5, 5.75]},
			"faces": {
				"north": {"uv": [0, 0, 1, 1], "texture": "#4"},
				"east": {"uv": [0, 0, 1, 1], "texture": "#4"},
				"south": {"uv": [0, 0, 1, 1], "texture": "#4"},
				"west": {"uv": [0, 0, 1, 1], "texture": "#4"},
				"up": {"uv": [0, 0, 1, 1], "rotation": 90, "texture": "#4"},
				"down": {"uv": [0, 0, 1, 1], "rotation": 270, "texture": "#4"}
			}
		},
		{
			"from": [11.25, 0.5, 0.75],
			"to": [13.25, 1.5, 1.75],
			"rotation": {"angle": 0, "axis": "y", "origin": [11.25, 0.5, 0.75]},
			"faces": {
				"north": {"uv": [8, 1, 10, 2], "texture": "#8"},
				"east": {"uv": [6, 14, 7, 15], "texture": "#8"},
				"south": {"uv": [1, 5, 3, 6], "texture": "#8"},
				"west": {"uv": [14, 2, 15, 3], "texture": "#8"},
				"up": {"uv": [5, 1, 7, 2], "texture": "#8"},
				"down": {"uv": [1, 1, 2, 3], "rotation": 90, "texture": "#8"}
			}
		},
		{
			"from": [0.75, 0.5, 11.25],
			"to": [1.75, 1.5, 13.25],
			"rotation": {"angle": 0, "axis": "y", "origin": [1.75, 0.5, 11.25]},
			"faces": {
				"north": {"uv": [0, 0, 1, 1], "texture": "#7"},
				"east": {"uv": [0, 0, 2, 1], "texture": "#7"},
				"south": {"uv": [0, 0, 1, 1], "texture": "#7"},
				"west": {"uv": [0, 0, 2, 1], "texture": "#7"},
				"up": {"uv": [0, 0, 2, 1], "rotation": 90, "texture": "#7"},
				"down": {"uv": [0, 0, 2, 1], "rotation": 270, "texture": "#7"}
			}
		},
		{
			"from": [0.75, 0.5, 5.75],
			"to": [1.75, 1.5, 6.75],
			"rotation": {"angle": 0, "axis": "y", "origin": [1.75, 0.5, 5.75]},
			"faces": {
				"north": {"uv": [0, 0, 1, 1], "texture": "#4"},
				"east": {"uv": [0, 0, 1, 1], "texture": "#4"},
				"south": {"uv": [0, 0, 1, 1], "texture": "#4"},
				"west": {"uv": [0, 0, 1, 1], "texture": "#4"},
				"up": {"uv": [0, 0, 1, 1], "rotation": 90, "texture": "#4"},
				"down": {"uv": [0, 0, 1, 1], "rotation": 270, "texture": "#4"}
			}
		},
		{
			"from": [0.75, 0.5, 9.25],
			"to": [1.75, 1.5, 10.25],
			"rotation": {"angle": 0, "axis": "y", "origin": [1.75, 0.5, 9.25]},
			"faces": {
				"north": {"uv": [0, 0, 1, 1], "texture": "#4"},
				"east": {"uv": [0, 0, 1, 1], "texture": "#4"},
				"south": {"uv": [0, 0, 1, 1], "texture": "#4"},
				"west": {"uv": [0, 0, 1, 1], "texture": "#4"},
				"up": {"uv": [0, 0, 1, 1], "rotation": 90, "texture": "#4"},
				"down": {"uv": [0, 0, 1, 1], "rotation": 270, "texture": "#4"}
			}
		},
		{
			"from": [2.75, 0.5, 14.25],
			"to": [4.75, 1.5, 15.25],
			"rotation": {"angle": 0, "axis": "y", "origin": [2.75, 0.5, 14.25]},
			"faces": {
				"north": {"uv": [2, 14, 4, 15], "texture": "#8"},
				"east": {"uv": [12, 1, 13, 2], "texture": "#8"},
				"south": {"uv": [5, 1, 7, 2], "texture": "#8"},
				"west": {"uv": [14, 3, 15, 4], "texture": "#8"},
				"up": {"uv": [2, 1, 4, 2], "texture": "#8"},
				"down": {"uv": [1, 3, 3, 4], "texture": "#8"}
			}
		},
		{
			"from": [2, 1.25, 2],
			"to": [4, 2.25, 4],
			"rotation": {"angle": 0, "axis": "y", "origin": [2, 1.25, 2]},
			"color": 5,
			"faces": {
				"north": {"uv": [0, 0, 2, 1], "texture": "#missing"},
				"east": {"uv": [0, 0, 2, 1], "texture": "#missing"},
				"south": {"uv": [0, 0, 2, 1], "texture": "#missing"},
				"west": {"uv": [0, 0, 2, 1], "texture": "#missing"},
				"up": {"uv": [0, 0, 2, 2], "texture": "#missing"},
				"down": {"uv": [0, 0, 2, 2], "texture": "#missing"}
			}
		},
		{
			"from": [2, 1.25, 12],
			"to": [4, 2.25, 14],
			"rotation": {"angle": 0, "axis": "y", "origin": [2, 1.25, 12]},
			"color": 5,
			"faces": {
				"north": {"uv": [0, 0, 2, 1], "texture": "#missing"},
				"east": {"uv": [0, 0, 2, 1], "texture": "#missing"},
				"south": {"uv": [0, 0, 2, 1], "texture": "#missing"},
				"west": {"uv": [0, 0, 2, 1], "texture": "#missing"},
				"up": {"uv": [0, 0, 2, 2], "texture": "#missing"},
				"down": {"uv": [0, 0, 2, 2], "texture": "#missing"}
			}
		},
		{
			"from": [12, 1.25, 12],
			"to": [14, 2.25, 14],
			"rotation": {"angle": 0, "axis": "y", "origin": [12, 1.25, 12]},
			"color": 5,
			"faces": {
				"north": {"uv": [0, 0, 2, 1], "texture": "#missing"},
				"east": {"uv": [0, 0, 2, 1], "texture": "#missing"},
				"south": {"uv": [0, 0, 2, 1], "texture": "#missing"},
				"west": {"uv": [0, 0, 2, 1], "texture": "#missing"},
				"up": {"uv": [0, 0, 2, 2], "texture": "#missing"},
				"down": {"uv": [0, 0, 2, 2], "texture": "#missing"}
			}
		},
		{
			"from": [12, 1.25, 2],
			"to": [14, 2.25, 4],
			"rotation": {"angle": 0, "axis": "y", "origin": [12, 1.25, 2]},
			"color": 5,
			"faces": {
				"north": {"uv": [0, 0, 2, 1], "texture": "#missing"},
				"east": {"uv": [0, 0, 2, 1], "texture": "#missing"},
				"south": {"uv": [0, 0, 2, 1], "texture": "#missing"},
				"west": {"uv": [0, 0, 2, 1], "texture": "#missing"},
				"up": {"uv": [0, 0, 2, 2], "texture": "#missing"},
				"down": {"uv": [0, 0, 2, 2], "texture": "#missing"}
			}
		},
		{
			"from": [14.25, 0.5, 2.75],
			"to": [15.25, 1.5, 4.75],
			"rotation": {"angle": 0, "axis": "y", "origin": [15.25, 0.5, 2.75]},
			"faces": {
				"north": {"uv": [0, 0, 1, 1], "texture": "#7"},
				"east": {"uv": [1, 1, 3, 2], "texture": "#7"},
				"south": {"uv": [2, 1, 3, 2], "texture": "#7"},
				"west": {"uv": [1, 1, 3, 2], "rotation": 180, "texture": "#7"},
				"up": {"uv": [1, 1, 3, 2], "rotation": 90, "texture": "#7"},
				"down": {"uv": [1, 1, 3, 2], "rotation": 270, "texture": "#7"}
			}
		},
		{
			"from": [14.25, 0.5, 11.25],
			"to": [15.25, 1.5, 13.25],
			"rotation": {"angle": 0, "axis": "y", "origin": [15.25, 0.5, 11.25]},
			"faces": {
				"north": {"uv": [0, 0, 1, 1], "texture": "#5"},
				"east": {"uv": [0, 0, 2, 1], "texture": "#5"},
				"south": {"uv": [0, 0, 1, 1], "texture": "#5"},
				"west": {"uv": [0, 0, 2, 1], "texture": "#5"},
				"up": {"uv": [0, 0, 2, 1], "rotation": 90, "texture": "#5"},
				"down": {"uv": [0, 0, 2, 1], "rotation": 270, "texture": "#5"}
			}
		},
		{
			"from": [11.25, 0.5, 14.25],
			"to": [13.25, 1.5, 15.25],
			"rotation": {"angle": 0, "axis": "y", "origin": [11.25, 0.5, 14.25]},
			"faces": {
				"north": {"uv": [0, 0, 2, 1], "texture": "#7"},
				"east": {"uv": [0, 0, 1, 1], "texture": "#7"},
				"south": {"uv": [3, 8, 5, 9], "texture": "#7"},
				"west": {"uv": [0, 0, 1, 1], "texture": "#7"},
				"up": {"uv": [0, 0, 2, 1], "texture": "#7"},
				"down": {"uv": [0, 0, 2, 1], "texture": "#7"}
			}
		},
		{
			"from": [14.25, 0.5, 9.25],
			"to": [15.25, 1.5, 10.25],
			"rotation": {"angle": 0, "axis": "y", "origin": [15.25, 0.5, 9.25]},
			"faces": {
				"north": {"uv": [0, 0, 1, 1], "texture": "#4"},
				"east": {"uv": [0, 0, 1, 1], "texture": "#4"},
				"south": {"uv": [0, 0, 1, 1], "texture": "#4"},
				"west": {"uv": [0, 0, 1, 1], "texture": "#4"},
				"up": {"uv": [0, 0, 1, 1], "rotation": 90, "texture": "#4"},
				"down": {"uv": [0, 0, 1, 1], "rotation": 270, "texture": "#4"}
			}
		}
	],
	"display": {
		"thirdperson_righthand": {
			"rotation": [0, 0, -90],
			"translation": [2.5, -2, -2.25],
			"scale": [0.5, 0.5, 0.5]
		},
		"thirdperson_lefthand": {
			"rotation": [0, 0, -90],
			"translation": [2.5, -2, -2.25],
			"scale": [0.5, 0.5, 0.5]
		},
		"firstperson_righthand": {
			"rotation": [0, 0, -90],
			"translation": [2.5, 2.5, 1.25],
			"scale": [0.5, 0.5, 0.5]
		},
		"firstperson_lefthand": {
			"rotation": [0, 0, -90],
			"translation": [2.5, 2.5, 1.25],
			"scale": [0.5, 0.5, 0.5]
		},
		"ground": {
			"translation": [0, 4.5, 0]
		},
		"gui": {
			"translation": [-0.25, 4, 0]
		},
		"head": {
			"translation": [0, 13, 0],
			"scale": [1, 0.97, 1]
		},
		"fixed": {
			"rotation": [-90, 0, 0],
			"translation": [0, 0, -8]
		}
	},
	"groups": [
		{
			"name": "couronne_arpegene",
			"origin": [8, 8, 8],
			"color": 0,
			"nbt": "{}",
			"children": [
				{
					"name": "Base",
					"origin": [8, 8, 8],
					"color": 2,
					"nbt": "{}",
					"children": [0, 1, 2, 3]
				},
				{
					"name": "Anneaux",
					"origin": [8, 8, 8],
					"color": 2,
					"nbt": "{}",
					"children": [4, 5, 6, 7, 8, 9, 10, 11]
				},
				{
					"name": "croix",
					"origin": [8, 8, 8],
					"color": 0,
					"nbt": "{}",
					"children": [
						12,
						13,
						14,
						15,
						{
							"name": "croix",
							"origin": [8, 8, 8],
							"color": 0,
							"nbt": "{}",
							"children": [16, 17, 18, 19]
						},
						{
							"name": "croix",
							"origin": [8, 8, 8],
							"color": 0,
							"nbt": "{}",
							"children": [20, 21, 22, 23]
						},
						{
							"name": "croix",
							"origin": [8, 8, 8],
							"color": 0,
							"nbt": "{}",
							"children": [24, 25, 26, 27]
						}
					]
				},
				{
					"name": "fioritures",
					"origin": [1.3, 2.5, 4.5],
					"color": 2,
					"nbt": "{}",
					"children": [
						28,
						29,
						30,
						31,
						{
							"name": "fioritures",
							"origin": [1.3, 2.5, 4.5],
							"color": 2,
							"nbt": "{}",
							"children": [32, 33, 34, 35]
						},
						{
							"name": "fioritures",
							"origin": [1.3, 2.5, 4.5],
							"color": 2,
							"nbt": "{}",
							"children": [
								36,
								37,
								38,
								39,
								{
									"name": "fioritures",
									"origin": [1.3, 2.5, 4.5],
									"color": 2,
									"nbt": "{}",
									"children": [40, 41, 42, 43]
								},
								44,
								45,
								46,
								47,
								48,
								49,
								50,
								51
							]
						}
					]
				},
				{
					"name": "petite croix",
					"origin": [8, 8, 8],
					"color": 0,
					"nbt": "{}",
					"children": [52, 53, 54, 55]
				},
				{
					"name": "velours",
					"origin": [8, 8, 8],
					"color": 0,
					"nbt": "{}",
					"children": [
						56,
						57,
						58,
						59,
						60,
						61,
						62,
						63,
						64,
						65,
						66,
						67,
						68,
						69,
						70,
						71,
						{
							"name": "sommet",
							"origin": [7.5, 8.5, 7.5],
							"color": 0,
							"nbt": "{}",
							"children": [72, 73, 74, 75, 76, 77, 78, 79, 80, 81, 82, 83, 84, 85]
						}
					]
				},
				86,
				87,
				88,
				89,
				90,
				91,
				92,
				93,
				94,
				95,
				96,
				97,
				98,
				99
			]
		}
	]
}