{
  "credit": "Made with Blockbench",
  "textures": {
    "0": "block/red_mushroom_block",
    "1": "block/stripped_birch_log",
    "particle": "block/red_mushroom_block"
  },
  "elements": [
    {
      "name": "leg",
      "from": [2, 0, 3],
      "to": [3.25, 8.75, 4.25],
      "rotation": { "angle": 0, "axis": "y", "origin": [-2, 0, 0] },
      "faces": {
        "north": { "uv": [0, 0, 1, 7], "texture": "#1" },
        "east": { "uv": [0, 0, 1, 7], "texture": "#1" },
        "south": { "uv": [0, 0, 1, 7], "texture": "#1" },
        "west": { "uv": [0, 0, 1, 7], "texture": "#1" },
        "up": { "uv": [0, 0, 1, 1], "texture": "#1" },
        "down": { "uv": [0, 0, 1, 1], "texture": "#1" }
      }
    },
    {
      "name": "leg",
      "from": [2, 0, 13.75],
      "to": [3.25, 22.5, 15],
      "rotation": { "angle": 0, "axis": "y", "origin": [-2, 0, 0] },
      "faces": {
        "north": { "uv": [0, 0, 1, 16], "texture": "#1" },
        "east": { "uv": [0, 0, 1, 16], "texture": "#1" },
        "south": { "uv": [0, 0, 1, 16], "texture": "#1" },
        "west": { "uv": [0, 0, 1, 16], "texture": "#1" },
        "up": { "uv": [0, 0, 1, 1], "texture": "#1" },
        "down": { "uv": [0, 0, 1, 1], "texture": "#1" }
      }
    },
    {
      "name": "leg",
      "from": [12.75, 0, 3],
      "to": [14, 8.75, 4.25],
      "rotation": { "angle": 0, "axis": "y", "origin": [-2, 0, 0] },
      "faces": {
        "north": { "uv": [0, 0, 1, 7], "texture": "#1" },
        "east": { "uv": [0, 0, 1, 7], "texture": "#1" },
        "south": { "uv": [0, 0, 1, 7], "texture": "#1" },
        "west": { "uv": [0, 0, 1, 7], "texture": "#1" },
        "up": { "uv": [0, 0, 1, 1], "texture": "#1" },
        "down": { "uv": [0, 0, 1, 1], "texture": "#1" }
      }
    },
    {
      "name": "leg",
      "from": [12.75, 0, 13.75],
      "to": [14, 22.5, 15],
      "rotation": { "angle": 0, "axis": "y", "origin": [-2, 0, 0] },
      "faces": {
        "north": { "uv": [15, 0, 16, 16], "texture": "#1" },
        "east": { "uv": [15, 0, 16, 16], "texture": "#1" },
        "south": { "uv": [15, 0, 16, 16], "texture": "#1" },
        "west": { "uv": [15, 0, 16, 16], "texture": "#1" },
        "up": { "uv": [0, 0, 1, 1], "texture": "#1" },
        "down": { "uv": [0, 0, 1, 1], "texture": "#1" }
      }
    },
    {
      "from": [3.25, 7.5, 3],
      "to": [12.75, 8.75, 4.25],
      "rotation": { "angle": 0, "axis": "y", "origin": [-2, 0, 0] },
      "faces": {
        "north": { "uv": [4, 1, 12, 2], "texture": "#1" },
        "east": { "uv": [0, 0, 1, 1], "texture": "#1" },
        "south": { "uv": [4, 1, 12, 2], "texture": "#1" },
        "west": { "uv": [0, 0, 1, 1], "texture": "#1" },
        "up": { "uv": [4, 1, 12, 2], "texture": "#1" },
        "down": { "uv": [4, 1, 12, 2], "texture": "#1" }
      }
    },
    {
      "from": [3.25, 7.5, 13.75],
      "to": [12.75, 8.75, 15],
      "rotation": { "angle": 0, "axis": "y", "origin": [-2, 0, 0] },
      "faces": {
        "north": { "uv": [4, 1, 12, 2], "texture": "#1" },
        "east": { "uv": [0, 0, 1, 1], "texture": "#1" },
        "south": { "uv": [4, 1, 12, 2], "texture": "#1" },
        "west": { "uv": [0, 0, 1, 1], "texture": "#1" },
        "up": { "uv": [4, 1, 12, 2], "texture": "#1" },
        "down": { "uv": [4, 1, 12, 2], "texture": "#1" }
      }
    },
    {
      "from": [12.75, 7.5, 4.25],
      "to": [14, 8.75, 13.75],
      "rotation": { "angle": 0, "axis": "y", "origin": [-2, 0, 0] },
      "faces": {
        "north": { "uv": [0, 0, 1, 1], "texture": "#1" },
        "east": { "uv": [0, 0, 6, 1], "texture": "#1" },
        "south": { "uv": [0, 0, 1, 1], "texture": "#1" },
        "west": { "uv": [0, 0, 6, 1], "texture": "#1" },
        "up": { "uv": [0, 0, 1, 6], "texture": "#1" },
        "down": { "uv": [0, 0, 1, 6], "texture": "#1" }
      }
    },
    {
      "from": [2, 7.5, 4.25],
      "to": [3.25, 8.75, 13.75],
      "rotation": { "angle": 0, "axis": "y", "origin": [-2, 0, 0] },
      "faces": {
        "north": { "uv": [0, 0, 1, 1], "texture": "#1" },
        "east": { "uv": [0, 0, 6, 1], "texture": "#1" },
        "south": { "uv": [0, 0, 1, 1], "texture": "#1" },
        "west": { "uv": [0, 0, 6, 1], "texture": "#1" },
        "up": { "uv": [0, 0, 1, 6], "texture": "#1" },
        "down": { "uv": [0, 0, 1, 6], "texture": "#1" }
      }
    },
    {
      "from": [3, 20, 14],
      "to": [13, 22, 14.75],
      "faces": {
        "north": { "uv": [0, 0, 10, 2], "texture": "#1" },
        "east": { "uv": [0, 0, 0.75, 2], "texture": "#1" },
        "south": { "uv": [0, 0, 10, 2], "texture": "#1" },
        "west": { "uv": [0, 0, 0.75, 2], "texture": "#1" },
        "up": { "uv": [0, 0, 10, 0.75], "texture": "#1" },
        "down": { "uv": [0, 0, 10, 0.75], "texture": "#1" }
      }
    },
    {
      "from": [3, 12, 14],
      "to": [13, 14, 14.75],
      "faces": {
        "north": { "uv": [0, 0, 10, 2], "texture": "#1" },
        "east": { "uv": [0, 0, 0.75, 2], "texture": "#1" },
        "south": { "uv": [0, 0, 10, 2], "texture": "#1" },
        "west": { "uv": [0, 0, 0.75, 2], "texture": "#1" },
        "up": { "uv": [0, 0, 10, 0.75], "texture": "#1" },
        "down": { "uv": [0, 0, 10, 0.75], "texture": "#1" }
      }
    },
    {
      "from": [9.5, 14, 14],
      "to": [10.5, 20, 14.75],
      "rotation": { "angle": 0, "axis": "y", "origin": [-0.5, 0, 0] },
      "faces": {
        "north": { "uv": [0, 0, 1, 6], "texture": "#1" },
        "east": { "uv": [0, 0, 0.75, 6], "texture": "#1" },
        "south": { "uv": [0, 0, 1, 6], "texture": "#1" },
        "west": { "uv": [0, 0, 0.75, 6], "texture": "#1" },
        "up": { "uv": [0, 0, 1, 0.75], "texture": "#1" },
        "down": { "uv": [0, 0, 1, 0.75], "texture": "#1" }
      }
    },
    {
      "from": [7.5, 14, 14],
      "to": [8.5, 20, 14.75],
      "rotation": { "angle": 0, "axis": "y", "origin": [-0.5, 0, 0] },
      "faces": {
        "north": { "uv": [0, 0, 1, 6], "texture": "#1" },
        "east": { "uv": [0, 0, 0.75, 6], "texture": "#1" },
        "south": { "uv": [0, 0, 1, 6], "texture": "#1" },
        "west": { "uv": [0, 0, 0.75, 6], "texture": "#1" },
        "up": { "uv": [0, 0, 1, 0.75], "texture": "#1" },
        "down": { "uv": [0, 0, 1, 0.75], "texture": "#1" }
      }
    },
    {
      "from": [5.5, 14, 14],
      "to": [6.5, 20, 14.75],
      "rotation": { "angle": 0, "axis": "y", "origin": [-0.5, 0, 0] },
      "faces": {
        "north": { "uv": [0, 0, 1, 6], "texture": "#1" },
        "east": { "uv": [0, 0, 0.75, 6], "texture": "#1" },
        "south": { "uv": [0, 0, 1, 6], "texture": "#1" },
        "west": { "uv": [0, 0, 0.75, 6], "texture": "#1" },
        "up": { "uv": [0, 0, 1, 0.75], "texture": "#1" },
        "down": { "uv": [0, 0, 1, 0.75], "texture": "#1" }
      }
    },
    {
      "name": "seat",
      "from": [1.375, 8.75, 2.375],
      "to": [14.625, 10, 15.625],
      "rotation": { "angle": 0, "axis": "y", "origin": [-2, 0, 0] },
      "faces": {
        "north": { "uv": [0, 0, 16, 1], "texture": "#0" },
        "east": { "uv": [0, 0, 16, 1], "texture": "#0" },
        "south": { "uv": [0, 0, 16, 1], "texture": "#0" },
        "west": { "uv": [0, 0, 16, 1], "texture": "#0" },
        "up": { "uv": [0, 0, 16, 16], "texture": "#0" },
        "down": { "uv": [0, 0, 16, 16], "texture": "#0" }
      }
    }
  ],
  "display": {
    "thirdperson_righthand": {
      "rotation": [90, 0, 0],
      "translation": [0, 3.75, 0],
      "scale": [0.5, 0.5, 0.5]
    },
    "thirdperson_lefthand": {
      "rotation": [90, 0, 0],
      "translation": [0, 3.75, 0],
      "scale": [0.5, 0.5, 0.5]
    },
    "firstperson_righthand": {
      "scale": [0.5, 0.5, 0.5]
    },
    "firstperson_lefthand": {
      "scale": [0.5, 0.5, 0.5]
    },
    "ground": {
      "scale": [0.5, 0.5, 0.5]
    },
    "gui": {
      "rotation": [23, -152, 0],
      "translation": [0, -1.25, 0],
      "scale": [0.5, 0.5, 0.5]
    },
    "fixed": {
      "rotation": [-90, 0, 0],
      "translation": [0, 0, -14],
      "scale": [2, 2, 2]
    }
  },
  "groups": [
    {
      "name": "group",
      "origin": [-2, 0, 0],
      "color": 0,
      "children": [0, 1, 2, 3, 4, 5, 6, 7, 8, 9, 10, 11, 12, 13]
    }
  ]
}
