{
  "credit": "Made By Khaled_Shooter with Blockbench",
  "texture_size": [128, 128],
  "textures": {
    "0": "minecraft:artefact/console/playstation",
    "particle": "minecraft:artefact/console/playstation"
  },
  "elements": [
    {
      "from": [8, 1, 3],
      "to": [10, 20, 14],
      "faces": {
        "north": { "uv": [6.504, 2.754, 6.746, 5.121], "texture": "#0" },
        "east": { "uv": [3.504, 5.504, 4.871, 7.871], "texture": "#0" },
        "south": { "uv": [6.504, 5.129, 6.746, 7.496], "texture": "#0" },
        "west": { "uv": [4.879, 5.504, 6.246, 7.871], "texture": "#0" },
        "up": { "uv": [6.996, 5.621, 6.754, 4.254], "texture": "#0" },
        "down": { "uv": [6.996, 5.629, 6.754, 6.996], "texture": "#0" }
      }
    },
    {
      "from": [8, 13, 2.275],
      "to": [10, 20, 3],
      "faces": {
        "north": { "uv": [3.629, 7.879, 3.871, 8.746], "texture": "#0" },
        "east": { "uv": [8.004, 1.004, 8.121, 1.871], "texture": "#0" },
        "south": { "uv": [3.879, 7.879, 4.121, 8.746], "texture": "#0" },
        "west": { "uv": [8.004, 1.879, 8.121, 2.746], "texture": "#0" },
        "up": { "uv": [8.246, 2.871, 8.004, 2.754], "texture": "#0" },
        "down": { "uv": [8.246, 2.879, 8.004, 2.996], "texture": "#0" }
      }
    },
    {
      "from": [8, -0.7, 2.475],
      "to": [10, 0.05, 3.2],
      "rotation": { "angle": -22.5, "axis": "x", "origin": [0, 0, 0] },
      "faces": {
        "north": { "uv": [8.004, 5.754, 8.246, 5.871], "texture": "#0" },
        "east": { "uv": [1.504, 8.254, 1.621, 8.371], "texture": "#0" },
        "south": { "uv": [8.004, 5.879, 8.246, 5.996], "texture": "#0" },
        "west": { "uv": [8.254, 1.504, 8.371, 1.621], "texture": "#0" },
        "up": { "uv": [8.371, 2.121, 8.129, 2.004], "texture": "#0" },
        "down": { "uv": [8.371, 2.129, 8.129, 2.246], "texture": "#0" }
      }
    },
    {
      "from": [8, 19.35, -5.55],
      "to": [10, 20.35, -4.825],
      "rotation": { "angle": 22.5, "axis": "x", "origin": [0, 0, 0] },
      "faces": {
        "north": { "uv": [8.1375, 2.2625, 8.3625, 2.3625], "texture": "#0" },
        "east": { "uv": [1.6375, 8.2625, 1.7375, 8.3625], "texture": "#0" },
        "south": { "uv": [8.1375, 2.3875, 8.3625, 2.4875], "texture": "#0" },
        "west": { "uv": [8.2625, 1.6375, 8.3625, 1.7375], "texture": "#0" },
        "up": { "uv": [8.3625, 2.6125, 8.1375, 2.5125], "texture": "#0" },
        "down": { "uv": [8.3625, 2.6375, 8.1375, 2.7375], "texture": "#0" }
      }
    },
    {
      "from": [8, 20, 2.675],
      "to": [10, 20.925, 14],
      "faces": {
        "north": { "uv": [8.1375, 4.2625, 8.3625, 4.3625], "texture": "#0" },
        "east": { "uv": [7.0125, 3.0125, 8.3625, 3.1125], "texture": "#0" },
        "south": { "uv": [8.1375, 4.3875, 8.3625, 4.4875], "texture": "#0" },
        "west": { "uv": [7.0125, 3.1375, 8.3625, 3.2375], "texture": "#0" },
        "up": { "uv": [7.2375, 1.3625, 7.0125, 0.0125], "texture": "#0" },
        "down": { "uv": [7.2375, 1.3875, 7.0125, 2.7375], "texture": "#0" }
      }
    },
    {
      "from": [8, 0.3, 2.575],
      "to": [10, 1.025, 13.95],
      "faces": {
        "north": { "uv": [8.129, 4.504, 8.371, 4.621], "texture": "#0" },
        "east": { "uv": [7.879, 6.004, 9.246, 6.121], "texture": "#0" },
        "south": { "uv": [8.129, 4.629, 8.371, 4.746], "texture": "#0" },
        "west": { "uv": [7.879, 6.129, 9.246, 6.246], "texture": "#0" },
        "up": { "uv": [7.246, 5.621, 7.004, 4.254], "texture": "#0" },
        "down": { "uv": [7.246, 5.629, 7.004, 6.996], "texture": "#0" }
      }
    },
    {
      "from": [8, 1, 2.275],
      "to": [10, 9, 3],
      "faces": {
        "north": { "uv": [7.629, 0.004, 7.871, 0.996], "texture": "#0" },
        "east": { "uv": [5.504, 7.879, 5.621, 8.871], "texture": "#0" },
        "south": { "uv": [7.629, 1.004, 7.871, 1.996], "texture": "#0" },
        "west": { "uv": [5.629, 7.879, 5.746, 8.871], "texture": "#0" },
        "up": { "uv": [8.371, 4.871, 8.129, 4.754], "texture": "#0" },
        "down": { "uv": [8.371, 4.879, 8.129, 4.996], "texture": "#0" }
      }
    },
    {
      "from": [9.325, 9, 2.275],
      "to": [10, 13, 3],
      "faces": {
        "north": { "uv": [7.629, 6.254, 7.746, 6.746], "texture": "#0" },
        "east": { "uv": [8.004, 4.254, 8.121, 4.746], "texture": "#0" },
        "south": { "uv": [8.004, 4.754, 8.121, 5.246], "texture": "#0" },
        "west": { "uv": [8.004, 5.254, 8.121, 5.746], "texture": "#0" },
        "up": { "uv": [1.871, 8.371, 1.754, 8.254], "texture": "#0" },
        "down": { "uv": [8.371, 1.754, 8.254, 1.871], "texture": "#0" }
      }
    },
    {
      "from": [8, 9, 2.275],
      "to": [8.675, 13, 3],
      "faces": {
        "north": { "uv": [8.004, 6.254, 8.121, 6.746], "texture": "#0" },
        "east": { "uv": [8.004, 6.754, 8.121, 7.246], "texture": "#0" },
        "south": { "uv": [8.004, 7.254, 8.121, 7.746], "texture": "#0" },
        "west": { "uv": [8.004, 7.754, 8.121, 8.246], "texture": "#0" },
        "up": { "uv": [1.996, 8.371, 1.879, 8.254], "texture": "#0" },
        "down": { "uv": [8.371, 1.879, 8.254, 1.996], "texture": "#0" }
      }
    },
    {
      "from": [8.675, 10.575, 2.25],
      "to": [9.325, 11.35, 3],
      "faces": {
        "north": { "uv": [2.004, 8.254, 2.121, 8.371], "texture": "#0" },
        "east": { "uv": [2.129, 8.254, 2.246, 8.371], "texture": "#0" },
        "south": { "uv": [2.254, 8.254, 2.371, 8.371], "texture": "#0" },
        "west": { "uv": [2.379, 8.254, 2.496, 8.371], "texture": "#0" },
        "up": { "uv": [2.621, 8.371, 2.504, 8.254], "texture": "#0" },
        "down": { "uv": [2.746, 8.254, 2.629, 8.371], "texture": "#0" }
      }
    },
    {
      "from": [8.675, 9, 2.275],
      "to": [9.325, 9.35, 3],
      "faces": {
        "north": { "uv": [2.754, 8.254, 2.871, 8.371], "texture": "#0" },
        "east": { "uv": [8.254, 2.754, 8.371, 2.871], "texture": "#0" },
        "south": { "uv": [2.879, 8.254, 2.996, 8.371], "texture": "#0" },
        "west": { "uv": [8.254, 2.879, 8.371, 2.996], "texture": "#0" },
        "up": { "uv": [3.121, 8.371, 3.004, 8.254], "texture": "#0" },
        "down": { "uv": [3.246, 8.254, 3.129, 8.371], "texture": "#0" }
      }
    },
    {
      "from": [8.675, 12.65, 2.275],
      "to": [9.325, 13, 3],
      "faces": {
        "north": { "uv": [3.254, 8.254, 3.371, 8.371], "texture": "#0" },
        "east": { "uv": [8.254, 3.254, 8.371, 3.371], "texture": "#0" },
        "south": { "uv": [3.379, 8.254, 3.496, 8.371], "texture": "#0" },
        "west": { "uv": [8.254, 3.379, 8.371, 3.496], "texture": "#0" },
        "up": { "uv": [8.371, 3.621, 8.254, 3.504], "texture": "#0" },
        "down": { "uv": [8.371, 3.629, 8.254, 3.746], "texture": "#0" }
      }
    },
    {
      "from": [8.8, 11.5, 2.775],
      "to": [9.15, 12.5, 3.5],
      "faces": {
        "north": { "uv": [8.254, 3.754, 8.371, 3.871], "texture": "#0" },
        "east": { "uv": [8.254, 3.879, 8.371, 3.996], "texture": "#0" },
        "south": { "uv": [8.254, 4.004, 8.371, 4.121], "texture": "#0" },
        "west": { "uv": [8.254, 4.129, 8.371, 4.246], "texture": "#0" },
        "up": { "uv": [8.371, 5.121, 8.254, 5.004], "texture": "#0" },
        "down": { "uv": [8.371, 5.129, 8.254, 5.246], "texture": "#0" }
      }
    },
    {
      "from": [8.8, 9.5, 2.775],
      "to": [9.15, 10.5, 3.5],
      "faces": {
        "north": { "uv": [8.254, 5.254, 8.371, 5.371], "texture": "#0" },
        "east": { "uv": [8.254, 5.379, 8.371, 5.496], "texture": "#0" },
        "south": { "uv": [8.254, 5.504, 8.371, 5.621], "texture": "#0" },
        "west": { "uv": [8.254, 5.629, 8.371, 5.746], "texture": "#0" },
        "up": { "uv": [8.371, 5.871, 8.254, 5.754], "texture": "#0" },
        "down": { "uv": [8.371, 5.879, 8.254, 5.996], "texture": "#0" }
      }
    },
    {
      "from": [7.325, 0, 0],
      "to": [8, 22, 16],
      "faces": {
        "north": { "uv": [6.7575, 7.0075, 6.8675, 9.7425], "texture": "#0" },
        "east": { "uv": [0.0075, 0.0075, 1.9925, 2.7425], "texture": "#0" },
        "south": { "uv": [6.8825, 7.0075, 6.9925, 9.7425], "texture": "#0" },
        "west": { "uv": [2.0075, 0.0075, 3.9925, 2.7425], "texture": "#0" },
        "up": { "uv": [7.7425, 6.2425, 7.6325, 4.2575], "texture": "#0" },
        "down": { "uv": [7.8675, 4.2575, 7.7575, 6.2425], "texture": "#0" }
      }
    },
    {
      "from": [6.65, 0, 2],
      "to": [7.325, 22, 16],
      "faces": {
        "north": { "uv": [7.0075, 7.0075, 7.1175, 9.7425], "texture": "#0" },
        "east": { "uv": [4.0075, 0.0075, 5.7425, 2.7425], "texture": "#0" },
        "south": { "uv": [7.1325, 7.0075, 7.2425, 9.7425], "texture": "#0" },
        "west": { "uv": [4.0075, 2.7575, 5.7425, 5.4925], "texture": "#0" },
        "up": { "uv": [4.2425, 9.6175, 4.1325, 7.8825], "texture": "#0" },
        "down": { "uv": [4.3675, 7.8825, 4.2575, 9.6175], "texture": "#0" }
      }
    },
    {
      "from": [6.625, 14, 0],
      "to": [7.325, 22, 2],
      "faces": {
        "north": { "uv": [5.754, 7.879, 5.871, 8.871], "texture": "#0" },
        "east": { "uv": [7.629, 2.004, 7.871, 2.996], "texture": "#0" },
        "south": { "uv": [5.879, 7.879, 5.996, 8.871], "texture": "#0" },
        "west": { "uv": [7.754, 6.254, 7.996, 7.246], "texture": "#0" },
        "up": { "uv": [7.621, 2.996, 7.504, 2.754], "texture": "#0" },
        "down": { "uv": [7.746, 6.754, 7.629, 6.996], "texture": "#0" }
      }
    },
    {
      "from": [6.625, 0, 0],
      "to": [7.325, 8, 2],
      "faces": {
        "north": { "uv": [6.0125, 7.8875, 6.1125, 8.8625], "texture": "#0" },
        "east": { "uv": [7.7625, 7.2625, 7.9875, 8.2375], "texture": "#0" },
        "south": { "uv": [6.1375, 7.8875, 6.2375, 8.8625], "texture": "#0" },
        "west": { "uv": [7.8875, 0.0125, 8.1125, 0.9875], "texture": "#0" },
        "up": { "uv": [8.2375, 5.2375, 8.1375, 5.0125], "texture": "#0" },
        "down": { "uv": [8.2375, 5.2625, 8.1375, 5.4875], "texture": "#0" }
      }
    },
    {
      "from": [8, 0, 0],
      "to": [8.075, 22, 2.275],
      "faces": {
        "north": { "uv": [7.254, 0.004, 7.371, 2.746], "texture": "#0" },
        "east": { "uv": [5.754, 0.004, 5.996, 2.746], "texture": "#0" },
        "south": { "uv": [7.254, 4.254, 7.371, 6.996], "texture": "#0" },
        "west": { "uv": [5.754, 2.754, 5.996, 5.496], "texture": "#0" },
        "up": { "uv": [8.246, 5.746, 8.129, 5.504], "texture": "#0" },
        "down": { "uv": [8.246, 6.254, 8.129, 6.496], "texture": "#0" }
      }
    },
    {
      "from": [8, 20, 2.275],
      "to": [8.075, 22, 14],
      "faces": {
        "north": { "uv": [8.1375, 6.5125, 8.2375, 6.7375], "texture": "#0" },
        "east": { "uv": [6.7625, 3.2625, 8.2375, 3.4875], "texture": "#0" },
        "south": { "uv": [8.1375, 6.7625, 8.2375, 6.9875], "texture": "#0" },
        "west": { "uv": [6.7625, 3.5125, 8.2375, 3.7375], "texture": "#0" },
        "up": { "uv": [4.8625, 9.3625, 4.7625, 7.8875], "texture": "#0" },
        "down": { "uv": [4.9875, 7.8875, 4.8875, 9.3625], "texture": "#0" }
      }
    },
    {
      "from": [9.925, 0, 0],
      "to": [10, 22, 2.275],
      "faces": {
        "north": { "uv": [7.254, 7.004, 7.371, 9.746], "texture": "#0" },
        "east": { "uv": [6.004, 0.004, 6.246, 2.746], "texture": "#0" },
        "south": { "uv": [7.379, 0.004, 7.496, 2.746], "texture": "#0" },
        "west": { "uv": [6.004, 2.754, 6.246, 5.496], "texture": "#0" },
        "up": { "uv": [8.246, 7.246, 8.129, 7.004], "texture": "#0" },
        "down": { "uv": [8.246, 7.254, 8.129, 7.496], "texture": "#0" }
      }
    },
    {
      "from": [9.925, 20, 2.275],
      "to": [10, 22, 14],
      "faces": {
        "north": { "uv": [7.5125, 8.1375, 7.6125, 8.3625], "texture": "#0" },
        "east": { "uv": [6.7625, 3.7625, 8.2375, 3.9875], "texture": "#0" },
        "south": { "uv": [8.1375, 7.5125, 8.2375, 7.7375], "texture": "#0" },
        "west": { "uv": [6.7625, 4.0125, 8.2375, 4.2375], "texture": "#0" },
        "up": { "uv": [5.1125, 9.3625, 5.0125, 7.8875], "texture": "#0" },
        "down": { "uv": [5.2375, 7.8875, 5.1375, 9.3625], "texture": "#0" }
      }
    },
    {
      "from": [8, 0, 2.275],
      "to": [8.075, 2, 14],
      "faces": {
        "north": { "uv": [8.1375, 6.5125, 8.2375, 6.7375], "texture": "#0" },
        "east": { "uv": [6.7625, 3.2625, 8.2375, 3.4875], "texture": "#0" },
        "south": { "uv": [8.1375, 6.7625, 8.2375, 6.9875], "texture": "#0" },
        "west": { "uv": [6.7625, 3.5125, 8.2375, 3.7375], "texture": "#0" },
        "up": { "uv": [4.8625, 9.3625, 4.7625, 7.8875], "texture": "#0" },
        "down": { "uv": [4.9875, 7.8875, 4.8875, 9.3625], "texture": "#0" }
      }
    },
    {
      "from": [9.925, 0, 2.275],
      "to": [10, 2, 14],
      "faces": {
        "north": { "uv": [7.5125, 8.1375, 7.6125, 8.3625], "texture": "#0" },
        "east": { "uv": [6.7625, 3.7625, 8.2375, 3.9875], "texture": "#0" },
        "south": { "uv": [8.1375, 7.5125, 8.2375, 7.7375], "texture": "#0" },
        "west": { "uv": [6.7625, 4.0125, 8.2375, 4.2375], "texture": "#0" },
        "up": { "uv": [5.1125, 9.3625, 5.0125, 7.8875], "texture": "#0" },
        "down": { "uv": [5.2375, 7.8875, 5.1375, 9.3625], "texture": "#0" }
      }
    },
    {
      "from": [5.95, 0, 2],
      "to": [6.65, 22, 16],
      "faces": {
        "north": { "uv": [7.3825, 4.2575, 7.4925, 6.9925], "texture": "#0" },
        "east": { "uv": [0.0075, 5.5075, 1.7425, 8.2425], "texture": "#0" },
        "south": { "uv": [7.3825, 7.0075, 7.4925, 9.7425], "texture": "#0" },
        "west": { "uv": [1.7575, 5.5075, 3.4925, 8.2425], "texture": "#0" },
        "up": { "uv": [7.9925, 5.9925, 7.8825, 4.2575], "texture": "#0" },
        "down": { "uv": [4.4925, 7.8825, 4.3825, 9.6175], "texture": "#0" }
      }
    },
    {
      "from": [5.95, 0, 0],
      "to": [6.625, 22, 2],
      "faces": {
        "north": { "uv": [4.504, 7.879, 4.621, 9.496], "texture": "#0" },
        "east": { "uv": [6.754, 0.004, 6.996, 1.621], "texture": "#0" },
        "south": { "uv": [4.629, 7.879, 4.746, 9.496], "texture": "#0" },
        "west": { "uv": [6.754, 1.629, 6.996, 3.246], "texture": "#0" },
        "up": { "uv": [8.246, 8.246, 8.129, 8.004], "texture": "#0" },
        "down": { "uv": [0.121, 8.254, 0.004, 8.496], "texture": "#0" }
      }
    },
    {
      "from": [10, 0, 0],
      "to": [10.675, 22, 16],
      "faces": {
        "north": { "uv": [7.5075, 0.0075, 7.6175, 2.7425], "texture": "#0" },
        "east": { "uv": [0.0075, 2.7575, 1.9925, 5.4925], "texture": "#0" },
        "south": { "uv": [7.5075, 4.2575, 7.6175, 6.9925], "texture": "#0" },
        "west": { "uv": [2.0075, 2.7575, 3.9925, 5.4925], "texture": "#0" },
        "up": { "uv": [7.9925, 2.9925, 7.8825, 1.0075], "texture": "#0" },
        "down": { "uv": [3.6175, 7.8825, 3.5075, 9.8675], "texture": "#0" }
      }
    },
    {
      "from": [8, 0, 14],
      "to": [10, 22, 16],
      "faces": {
        "north": { "uv": [6.2625, 0.0125, 6.4875, 2.7375], "texture": "#0" },
        "east": { "uv": [6.2625, 2.7625, 6.4875, 5.4875], "texture": "#0" },
        "south": { "uv": [6.2625, 5.5125, 6.4875, 8.2375], "texture": "#0" },
        "west": { "uv": [6.5125, 0.0125, 6.7375, 2.7375], "texture": "#0" },
        "up": { "uv": [7.2375, 2.9875, 7.0125, 2.7625], "texture": "#0" },
        "down": { "uv": [7.4875, 2.7625, 7.2625, 2.9875], "texture": "#0" }
      }
    },
    {
      "from": [10.7, 16.4, 12.825],
      "to": [11.075, 20, 13.825],
      "faces": {
        "north": { "uv": [8.1375, 0.0125, 8.2375, 0.4875], "texture": "#0" },
        "east": { "uv": [8.1375, 0.5125, 8.2375, 0.9875], "texture": "#0" },
        "south": { "uv": [8.1375, 1.0125, 8.2375, 1.4875], "texture": "#0" },
        "west": { "uv": [8.1375, 1.5125, 8.2375, 1.9875], "texture": "#0" },
        "up": { "uv": [6.3625, 8.3625, 6.2625, 8.2625], "texture": "#0" },
        "down": { "uv": [8.3625, 6.2625, 8.2625, 6.3625], "texture": "#0" }
      }
    },
    {
      "from": [10.7, 19.375, 12.3],
      "to": [11.075, 20, 12.825],
      "faces": {
        "north": { "uv": [6.3875, 8.2625, 6.4875, 8.3625], "texture": "#0" },
        "east": { "uv": [8.2625, 6.3875, 8.3625, 6.4875], "texture": "#0" },
        "south": { "uv": [8.2625, 6.5125, 8.3625, 6.6125], "texture": "#0" },
        "west": { "uv": [8.2625, 6.6375, 8.3625, 6.7375], "texture": "#0" },
        "up": { "uv": [8.3625, 6.8625, 8.2625, 6.7625], "texture": "#0" },
        "down": { "uv": [8.3625, 6.8875, 8.2625, 6.9875], "texture": "#0" }
      }
    },
    {
      "from": [10.7, 17.9, 11.375],
      "to": [11.075, 20, 12.3],
      "faces": {
        "north": { "uv": [8.2625, 0.0125, 8.3625, 0.2375], "texture": "#0" },
        "east": { "uv": [0.1375, 8.2625, 0.2375, 8.4875], "texture": "#0" },
        "south": { "uv": [0.2625, 8.2625, 0.3625, 8.4875], "texture": "#0" },
        "west": { "uv": [8.2625, 0.2625, 8.3625, 0.4875], "texture": "#0" },
        "up": { "uv": [8.3625, 7.1125, 8.2625, 7.0125], "texture": "#0" },
        "down": { "uv": [8.3625, 7.1375, 8.2625, 7.2375], "texture": "#0" }
      }
    },
    {
      "from": [10.7, 16.4, 10.275],
      "to": [11.075, 18, 11.2],
      "faces": {
        "north": { "uv": [8.2625, 0.0125, 8.3625, 0.2375], "texture": "#0" },
        "east": { "uv": [0.1375, 8.2625, 0.2375, 8.4875], "texture": "#0" },
        "south": { "uv": [0.2625, 8.2625, 0.3625, 8.4875], "texture": "#0" },
        "west": { "uv": [8.2625, 0.2625, 8.3625, 0.4875], "texture": "#0" },
        "up": { "uv": [8.3625, 7.1125, 8.2625, 7.0125], "texture": "#0" },
        "down": { "uv": [8.3625, 7.1375, 8.2625, 7.2375], "texture": "#0" }
      }
    },
    {
      "from": [10.7, 16.4, 11.2],
      "to": [11.075, 17, 12.15],
      "faces": {
        "north": { "uv": [8.2625, 0.0125, 8.3625, 0.2375], "texture": "#0" },
        "east": { "uv": [0.1375, 8.2625, 0.2375, 8.4875], "texture": "#0" },
        "south": { "uv": [0.2625, 8.2625, 0.3625, 8.4875], "texture": "#0" },
        "west": { "uv": [8.2625, 0.2625, 8.3625, 0.4875], "texture": "#0" },
        "up": { "uv": [8.3625, 7.1125, 8.2625, 7.0125], "texture": "#0" },
        "down": { "uv": [8.3625, 7.1375, 8.2625, 7.2375], "texture": "#0" }
      }
    },
    {
      "from": [10.7, 18, 9.675],
      "to": [11.075, 18.75, 11.2],
      "faces": {
        "north": { "uv": [8.2625, 0.0125, 8.3625, 0.2375], "texture": "#0" },
        "east": { "uv": [0.1375, 8.2625, 0.2375, 8.4875], "texture": "#0" },
        "south": { "uv": [0.2625, 8.2625, 0.3625, 8.4875], "texture": "#0" },
        "west": { "uv": [8.2625, 0.2625, 8.3625, 0.4875], "texture": "#0" },
        "up": { "uv": [8.3625, 7.1125, 8.2625, 7.0125], "texture": "#0" },
        "down": { "uv": [8.3625, 7.1375, 8.2625, 7.2375], "texture": "#0" }
      }
    },
    {
      "from": [7, 14, 1],
      "to": [8, 14, 1],
      "faces": {
        "north": { "uv": [0.0125, 0.0125, 0.1125, 0.0125], "texture": "#0" },
        "east": { "uv": [0.0125, 0.0125, 0.0125, 0.0125], "texture": "#0" },
        "south": { "uv": [0.0125, 0.0125, 0.1125, 0.0125], "texture": "#0" },
        "west": { "uv": [0.0125, 0.0125, 0.0125, 0.0125], "texture": "#0" },
        "up": { "uv": [0.1125, 0.0125, 0.0125, 0.0125], "texture": "#0" },
        "down": { "uv": [0.1125, 0.0125, 0.0125, 0.0125], "texture": "#0" }
      }
    }
  ],
  "display": {
    "thirdperson_righthand": {
      "rotation": [45, 0, 0],
      "translation": [0, 1, -1.5],
      "scale": [0.47, 0.47, 0.47]
    },
    "thirdperson_lefthand": {
      "rotation": [45, 0, 0],
      "translation": [0, 1, -1.5],
      "scale": [0.47, 0.47, 0.47]
    },
    "firstperson_righthand": {
      "rotation": [180, -23, 180],
      "translation": [-1.25, 3, 0.25],
      "scale": [0.47, 0.47, 0.47]
    },
    "firstperson_lefthand": {
      "rotation": [180, 165, 180],
      "translation": [-1, 3, 0.5],
      "scale": [0.47, 0.47, 0.47]
    },
    "ground": {
      "translation": [0, 3, 0],
      "scale": [0.47, 0.47, 0.47]
    },
    "gui": {
      "rotation": [32, -125, 0],
      "translation": [0.5, -1.5, 0],
      "scale": [0.6, 0.6, 0.6]
    },
    "head": {
      "rotation": [0, 0, 90],
      "translation": [1.75, 7.5, 0],
      "scale": [0.58, 0.58, 0.58]
    },
    "fixed": {
      "rotation": [-90, 0, 0],
      "translation": [0, 0, -9.5],
      "scale": [1.43, 1.43, 1.43]
    }
  }
}
