{
  "credit": "Made By Khaled_Shooter with Blockbench",
  "textures": {
    "0": "minecraft:artefact/console/ps_controller",
    "particle": "minecraft:artefact/console/ps_controller"
  },
  "elements": [
    {
      "from": [6.75, 1, 7.025],
      "to": [9.75, 2.9, 8.025],
      "faces": {
        "north": { "uv": [0, 0, 3, 2], "texture": "#0" },
        "east": { "uv": [6, 3, 7, 5], "texture": "#0" },
        "south": { "uv": [0, 2, 3, 4], "texture": "#0" },
        "west": { "uv": [5, 6, 6, 8], "texture": "#0" },
        "up": { "uv": [6, 1, 3, 0], "texture": "#0" },
        "down": { "uv": [6, 1, 3, 2], "texture": "#0" }
      }
    },
    {
      "from": [5.75, 0, 7.025],
      "to": [6.75, 3, 8.025],
      "faces": {
        "north": { "uv": [3, 2, 4, 5], "texture": "#0" },
        "east": { "uv": [0, 4, 1, 7], "texture": "#0" },
        "south": { "uv": [1, 4, 2, 7], "texture": "#0" },
        "west": { "uv": [2, 4, 3, 7], "texture": "#0" },
        "up": { "uv": [7, 7, 6, 6], "texture": "#0" },
        "down": { "uv": [1, 7, 0, 8], "texture": "#0" }
      }
    },
    {
      "from": [5.9, -1.45, 7.05],
      "to": [6.45, 0.575, 8],
      "rotation": { "angle": 22.5, "axis": "z", "origin": [0, 0, 0] },
      "faces": {
        "north": { "uv": [3, 2, 4, 5], "texture": "#0" },
        "east": { "uv": [0, 4, 1, 7], "texture": "#0" },
        "south": { "uv": [1, 4, 2, 7], "texture": "#0" },
        "west": { "uv": [2, 4, 3, 7], "texture": "#0" },
        "up": { "uv": [7, 7, 6, 6], "texture": "#0" },
        "down": { "uv": [1, 7, 0, 8], "texture": "#0" }
      }
    },
    {
      "from": [8.775, 4.85, 7.05],
      "to": [9.325, 6.875, 8],
      "rotation": { "angle": -22.5, "axis": "z", "origin": [0, 0, 0] },
      "faces": {
        "north": { "uv": [3, 2, 4, 5], "texture": "#0" },
        "east": { "uv": [0, 4, 1, 7], "texture": "#0" },
        "south": { "uv": [1, 4, 2, 7], "texture": "#0" },
        "west": { "uv": [2, 4, 3, 7], "texture": "#0" },
        "up": { "uv": [7, 7, 6, 6], "texture": "#0" },
        "down": { "uv": [1, 7, 0, 8], "texture": "#0" }
      }
    },
    {
      "from": [9.75, 0, 7.025],
      "to": [10.75, 3, 8.025],
      "faces": {
        "north": { "uv": [4, 2, 5, 5], "texture": "#0" },
        "east": { "uv": [5, 2, 6, 5], "texture": "#0" },
        "south": { "uv": [3, 5, 4, 8], "texture": "#0" },
        "west": { "uv": [4, 5, 5, 8], "texture": "#0" },
        "up": { "uv": [2, 8, 1, 7], "texture": "#0" },
        "down": { "uv": [3, 7, 2, 8], "texture": "#0" }
      }
    },
    {
      "from": [10.15, 2.1, 7.125],
      "to": [10.35, 1.8, 6.825],
      "faces": {
        "north": { "uv": [7, 3, 8, 4], "texture": "#0" },
        "east": { "uv": [7, 4, 8, 5], "texture": "#0" },
        "south": { "uv": [6, 7, 7, 8], "texture": "#0" },
        "west": { "uv": [7, 6, 8, 7], "texture": "#0" },
        "up": { "uv": [8, 8, 7, 7], "texture": "#0" },
        "down": { "uv": [1, 8, 0, 9], "texture": "#0" }
      }
    },
    {
      "from": [9.85, 2.4, 7.125],
      "to": [10.05, 2.1, 6.825],
      "faces": {
        "north": { "uv": [1, 8, 2, 9], "texture": "#0" },
        "east": { "uv": [2, 8, 3, 9], "texture": "#0" },
        "south": { "uv": [3, 8, 4, 9], "texture": "#0" },
        "west": { "uv": [8, 3, 9, 4], "texture": "#0" },
        "up": { "uv": [5, 9, 4, 8], "texture": "#0" },
        "down": { "uv": [9, 4, 8, 5], "texture": "#0" }
      }
    },
    {
      "from": [10.45, 2.4, 7.125],
      "to": [10.65, 2.1, 6.825],
      "faces": {
        "north": { "uv": [5, 8, 6, 9], "texture": "#0" },
        "east": { "uv": [8, 5, 9, 6], "texture": "#0" },
        "south": { "uv": [6, 8, 7, 9], "texture": "#0" },
        "west": { "uv": [8, 6, 9, 7], "texture": "#0" },
        "up": { "uv": [8, 9, 7, 8], "texture": "#0" },
        "down": { "uv": [9, 7, 8, 8], "texture": "#0" }
      }
    },
    {
      "from": [10.15, 2.7, 7.125],
      "to": [10.35, 2.4, 6.825],
      "faces": {
        "north": { "uv": [8, 8, 9, 9], "texture": "#0" },
        "east": { "uv": [0, 9, 1, 10], "texture": "#0" },
        "south": { "uv": [9, 0, 10, 1], "texture": "#0" },
        "west": { "uv": [1, 9, 2, 10], "texture": "#0" },
        "up": { "uv": [10, 2, 9, 1], "texture": "#0" },
        "down": { "uv": [3, 9, 2, 10], "texture": "#0" }
      }
    },
    {
      "from": [6.45, 2.4, 7.125],
      "to": [6.65, 2.1, 6.825],
      "faces": {
        "north": { "uv": [9, 2, 10, 3], "texture": "#0" },
        "east": { "uv": [3, 9, 4, 10], "texture": "#0" },
        "south": { "uv": [9, 3, 10, 4], "texture": "#0" },
        "west": { "uv": [4, 9, 5, 10], "texture": "#0" },
        "up": { "uv": [10, 5, 9, 4], "texture": "#0" },
        "down": { "uv": [6, 9, 5, 10], "texture": "#0" }
      }
    },
    {
      "from": [6.15, 2.1, 7.125],
      "to": [6.35, 1.8, 6.825],
      "faces": {
        "north": { "uv": [9, 5, 10, 6], "texture": "#0" },
        "east": { "uv": [6, 9, 7, 10], "texture": "#0" },
        "south": { "uv": [9, 6, 10, 7], "texture": "#0" },
        "west": { "uv": [7, 9, 8, 10], "texture": "#0" },
        "up": { "uv": [10, 8, 9, 7], "texture": "#0" },
        "down": { "uv": [9, 9, 8, 10], "texture": "#0" }
      }
    },
    {
      "from": [5.85, 2.4, 7.125],
      "to": [6.05, 2.1, 6.825],
      "faces": {
        "north": { "uv": [9, 8, 10, 9], "texture": "#0" },
        "east": { "uv": [9, 9, 10, 10], "texture": "#0" },
        "south": { "uv": [0, 10, 1, 11], "texture": "#0" },
        "west": { "uv": [10, 0, 11, 1], "texture": "#0" },
        "up": { "uv": [2, 11, 1, 10], "texture": "#0" },
        "down": { "uv": [11, 1, 10, 2], "texture": "#0" }
      }
    },
    {
      "from": [6.15, 2.7, 7.125],
      "to": [6.35, 2.4, 6.825],
      "faces": {
        "north": { "uv": [2, 10, 3, 11], "texture": "#0" },
        "east": { "uv": [10, 2, 11, 3], "texture": "#0" },
        "south": { "uv": [3, 10, 4, 11], "texture": "#0" },
        "west": { "uv": [10, 3, 11, 4], "texture": "#0" },
        "up": { "uv": [5, 11, 4, 10], "texture": "#0" },
        "down": { "uv": [11, 4, 10, 5], "texture": "#0" }
      }
    },
    {
      "from": [7.15, 1.5, 6.825],
      "to": [7.65, 2, 7.325],
      "faces": {
        "north": { "uv": [5, 10, 6, 11], "texture": "#0" },
        "east": { "uv": [10, 5, 11, 6], "texture": "#0" },
        "south": { "uv": [6, 10, 7, 11], "texture": "#0" },
        "west": { "uv": [10, 6, 11, 7], "texture": "#0" },
        "up": { "uv": [8, 11, 7, 10], "texture": "#0" },
        "down": { "uv": [11, 7, 10, 8], "texture": "#0" }
      }
    },
    {
      "from": [8.75, 1.5, 6.825],
      "to": [9.25, 2, 7.325],
      "faces": {
        "north": { "uv": [8, 10, 9, 11], "texture": "#0" },
        "east": { "uv": [10, 8, 11, 9], "texture": "#0" },
        "south": { "uv": [9, 10, 10, 11], "texture": "#0" },
        "west": { "uv": [10, 9, 11, 10], "texture": "#0" },
        "up": { "uv": [11, 11, 10, 10], "texture": "#0" },
        "down": { "uv": [1, 11, 0, 12], "texture": "#0" }
      }
    },
    {
      "from": [6.45, 2.6, 6.925],
      "to": [6.65, 2.8, 7.125],
      "faces": {
        "north": { "uv": [11, 0, 12, 1], "texture": "#0" },
        "east": { "uv": [1, 11, 2, 12], "texture": "#0" },
        "south": { "uv": [11, 1, 12, 2], "texture": "#0" },
        "west": { "uv": [2, 11, 3, 12], "texture": "#0" },
        "up": { "uv": [12, 3, 11, 2], "texture": "#0" },
        "down": { "uv": [4, 11, 3, 12], "texture": "#0" }
      }
    },
    {
      "from": [9.85, 2.6, 6.925],
      "to": [10.05, 2.8, 7.125],
      "faces": {
        "north": { "uv": [11, 3, 12, 4], "texture": "#0" },
        "east": { "uv": [4, 11, 5, 12], "texture": "#0" },
        "south": { "uv": [11, 4, 12, 5], "texture": "#0" },
        "west": { "uv": [5, 11, 6, 12], "texture": "#0" },
        "up": { "uv": [12, 6, 11, 5], "texture": "#0" },
        "down": { "uv": [7, 11, 6, 12], "texture": "#0" }
      }
    },
    {
      "from": [6.75, 2, 6.925],
      "to": [9.75, 2.9, 7.025],
      "faces": {
        "north": { "uv": [8, 13, 16, 16], "texture": "#0" },
        "east": { "uv": [11, 6, 12, 7], "texture": "#0" },
        "south": { "uv": [6, 0, 9, 1], "texture": "#0" },
        "west": { "uv": [7, 11, 8, 12], "texture": "#0" },
        "up": { "uv": [9, 2, 6, 1], "texture": "#0" },
        "down": { "uv": [9, 2, 6, 3], "texture": "#0" }
      }
    },
    {
      "from": [8.25, 1.775, 6.825],
      "to": [8.4, 1.875, 7.025],
      "faces": {
        "north": { "uv": [11, 7, 12, 8], "texture": "#0" },
        "east": { "uv": [8, 11, 9, 12], "texture": "#0" },
        "south": { "uv": [11, 8, 12, 9], "texture": "#0" },
        "west": { "uv": [9, 11, 10, 12], "texture": "#0" },
        "up": { "uv": [12, 10, 11, 9], "texture": "#0" },
        "down": { "uv": [11, 11, 10, 12], "texture": "#0" }
      }
    },
    {
      "from": [8.4, 1.375, 6.825],
      "to": [8.5, 1.875, 7.025],
      "faces": {
        "north": { "uv": [11, 10, 12, 11], "texture": "#0" },
        "east": { "uv": [11, 11, 12, 12], "texture": "#0" },
        "south": { "uv": [0, 12, 1, 13], "texture": "#0" },
        "west": { "uv": [12, 0, 13, 1], "texture": "#0" },
        "up": { "uv": [2, 13, 1, 12], "texture": "#0" },
        "down": { "uv": [13, 1, 12, 2], "texture": "#0" }
      }
    },
    {
      "from": [8.125, 1.625, 6.825],
      "to": [8.25, 1.875, 7.025],
      "faces": {
        "north": { "uv": [2, 12, 3, 13], "texture": "#0" },
        "east": { "uv": [12, 2, 13, 3], "texture": "#0" },
        "south": { "uv": [3, 12, 4, 13], "texture": "#0" },
        "west": { "uv": [12, 3, 13, 4], "texture": "#0" },
        "up": { "uv": [5, 13, 4, 12], "texture": "#0" },
        "down": { "uv": [13, 4, 12, 5], "texture": "#0" }
      }
    },
    {
      "from": [7.95, 1.625, 6.825],
      "to": [8.075, 1.75, 7.025],
      "faces": {
        "north": { "uv": [5, 12, 6, 13], "texture": "#0" },
        "east": { "uv": [12, 5, 13, 6], "texture": "#0" },
        "south": { "uv": [6, 12, 7, 13], "texture": "#0" },
        "west": { "uv": [12, 6, 13, 7], "texture": "#0" },
        "up": { "uv": [8, 13, 7, 12], "texture": "#0" },
        "down": { "uv": [13, 7, 12, 8], "texture": "#0" }
      }
    },
    {
      "from": [7.95, 1.5, 6.825],
      "to": [8.075, 1.625, 7.025],
      "faces": {
        "north": { "uv": [11, 12, 12, 13], "texture": "#0" },
        "east": { "uv": [12, 11, 13, 12], "texture": "#0" },
        "south": { "uv": [12, 12, 13, 13], "texture": "#0" },
        "west": { "uv": [0, 13, 1, 14], "texture": "#0" },
        "up": { "uv": [14, 1, 13, 0], "texture": "#0" },
        "down": { "uv": [2, 13, 1, 14], "texture": "#0" }
      }
    },
    {
      "from": [7.95, 1.425, 6.825],
      "to": [8.075, 1.5, 7.025],
      "faces": {
        "north": { "uv": [13, 1, 14, 2], "texture": "#0" },
        "east": { "uv": [2, 13, 3, 14], "texture": "#0" },
        "south": { "uv": [13, 2, 14, 3], "texture": "#0" },
        "west": { "uv": [3, 13, 4, 14], "texture": "#0" },
        "up": { "uv": [14, 4, 13, 3], "texture": "#0" },
        "down": { "uv": [5, 13, 4, 14], "texture": "#0" }
      }
    },
    {
      "from": [8.075, 1.425, 6.825],
      "to": [8.2, 1.5, 7.025],
      "faces": {
        "north": { "uv": [13, 4, 14, 5], "texture": "#0" },
        "east": { "uv": [5, 13, 6, 14], "texture": "#0" },
        "south": { "uv": [13, 5, 14, 6], "texture": "#0" },
        "west": { "uv": [6, 13, 7, 14], "texture": "#0" },
        "up": { "uv": [14, 7, 13, 6], "texture": "#0" },
        "down": { "uv": [8, 13, 7, 14], "texture": "#0" }
      }
    },
    {
      "from": [7.825, 1.675, 6.825],
      "to": [7.95, 1.75, 7.025],
      "faces": {
        "north": { "uv": [8, 12, 9, 13], "texture": "#0" },
        "east": { "uv": [12, 8, 13, 9], "texture": "#0" },
        "south": { "uv": [9, 12, 10, 13], "texture": "#0" },
        "west": { "uv": [12, 9, 13, 10], "texture": "#0" },
        "up": { "uv": [11, 13, 10, 12], "texture": "#0" },
        "down": { "uv": [13, 10, 12, 11], "texture": "#0" }
      }
    }
  ],
  "display": {
    "thirdperson_righthand": {
      "rotation": [22, 180, 0],
      "translation": [0.5, 7.5, 2.75]
    },
    "thirdperson_lefthand": {
      "rotation": [22, 180, 0],
      "translation": [0, 7.5, 2.75]
    },
    "firstperson_righthand": {
      "rotation": [-37, 140, 0],
      "translation": [-1, 9, -3.75],
      "scale": [1.3, 1.3, 1.3]
    },
    "firstperson_lefthand": {
      "rotation": [-37, 140, 0],
      "translation": [-2, 9.25, -3.5],
      "scale": [1.3, 1.3, 1.3]
    },
    "ground": {
      "translation": [0, 8, 0],
      "scale": [1.3, 1.3, 1.3]
    },
    "gui": {
      "rotation": [25, 152, 0],
      "translation": [1.5, 12.5, 0],
      "scale": [2.15, 2.15, 2.15]
    },
    "head": {
      "translation": [-0.5, 14, -6.25],
      "scale": [1.5, 1.5, 1.5]
    },
    "fixed": {
      "translation": [-0.25, 14.75, 2],
      "scale": [2.48, 2.48, 2.48]
    }
  }
}
