{
  "credit": "Made By Khaled_Shooter with Blockbench",
  "texture_size": [32, 32],
  "textures": {
    "0": "minecraft:artefact/console/ps_headphones",
    "particle": "minecraft:artefact/console/ps_headphones"
  },
  "elements": [
    {
      "from": [10.275, 3, 7],
      "to": [11, 4, 9],
      "faces": {
        "north": { "uv": [6.5, 0.5, 7, 1], "texture": "#0" },
        "east": { "uv": [3, 4.5, 4, 5], "texture": "#0" },
        "south": { "uv": [6.5, 1, 7, 1.5], "texture": "#0" },
        "west": { "uv": [4.5, 3.5, 5.5, 4], "texture": "#0" },
        "up": { "uv": [4.5, 5.5, 4, 4.5], "texture": "#0" },
        "down": { "uv": [5, 4, 4.5, 5], "texture": "#0" }
      }
    },
    {
      "from": [11, 1, 7],
      "to": [11.15, 3, 9],
      "faces": {
        "north": { "uv": [3, 3.5, 3.5, 4.5], "texture": "#0" },
        "east": { "uv": [1, 0, 2, 1], "texture": "#0" },
        "south": { "uv": [3.5, 3.5, 4, 4.5], "texture": "#0" },
        "west": { "uv": [1, 1, 2, 2], "texture": "#0" },
        "up": { "uv": [0.5, 5, 0, 4], "texture": "#0" },
        "down": { "uv": [1, 4, 0.5, 5], "texture": "#0" }
      }
    },
    {
      "from": [10.275, 1, 6],
      "to": [11, 3, 7],
      "faces": {
        "north": { "uv": [5.5, 4.5, 6, 5.5], "texture": "#0" },
        "east": { "uv": [5.5, 5.5, 6, 6.5], "texture": "#0" },
        "south": { "uv": [6, 0, 6.5, 1], "texture": "#0" },
        "west": { "uv": [1, 6, 1.5, 7], "texture": "#0" },
        "up": { "uv": [6, 7.5, 5.5, 7], "texture": "#0" },
        "down": { "uv": [7.5, 5.5, 7, 6], "texture": "#0" }
      }
    },
    {
      "from": [10.275, 1, 9],
      "to": [11, 3, 10],
      "faces": {
        "north": { "uv": [1.5, 5, 2, 6], "texture": "#0" },
        "east": { "uv": [2, 5, 2.5, 6], "texture": "#0" },
        "south": { "uv": [5, 2.5, 5.5, 3.5], "texture": "#0" },
        "west": { "uv": [3, 5, 3.5, 6], "texture": "#0" },
        "up": { "uv": [3, 7, 2.5, 6.5], "texture": "#0" },
        "down": { "uv": [7, 2.5, 6.5, 3], "texture": "#0" }
      }
    },
    {
      "from": [10.85, 1.2, 7.425],
      "to": [11, 2.775, 7.725],
      "faces": {
        "north": { "uv": [3, 6, 3.5, 7], "texture": "#0" },
        "east": { "uv": [6, 3, 6.5, 4], "texture": "#0" },
        "south": { "uv": [3.5, 6, 4, 7], "texture": "#0" },
        "west": { "uv": [6, 4, 6.5, 5], "texture": "#0" },
        "up": { "uv": [4, 8.5, 3.5, 8], "texture": "#0" },
        "down": { "uv": [8.5, 3.5, 8, 4], "texture": "#0" }
      }
    },
    {
      "from": [5, 1.1, 8.15],
      "to": [5.15, 2.85, 8.45],
      "rotation": { "angle": 0, "axis": "y", "origin": [0, 0, -0.225] },
      "faces": {
        "north": { "uv": [4.5, 6, 5, 7], "texture": "#0" },
        "east": { "uv": [5, 6, 5.5, 7], "texture": "#0" },
        "south": { "uv": [6, 5, 6.5, 6], "texture": "#0" },
        "west": { "uv": [6, 6, 6.5, 7], "texture": "#0" },
        "up": { "uv": [6, 8.5, 5.5, 8], "texture": "#0" },
        "down": { "uv": [8.5, 5.5, 8, 6], "texture": "#0" }
      }
    },
    {
      "from": [5, 4.025, 6.425],
      "to": [5.125, 4.775, 6.725],
      "rotation": { "angle": 22.5, "axis": "x", "origin": [0, 0, -0.225] },
      "faces": {
        "north": { "uv": [7.5, 8, 8, 8.5], "texture": "#0" },
        "east": { "uv": [8, 7.5, 8.5, 8], "texture": "#0" },
        "south": { "uv": [8, 8, 8.5, 8.5], "texture": "#0" },
        "west": { "uv": [0, 8.5, 0.5, 9], "texture": "#0" },
        "up": { "uv": [9, 0.5, 8.5, 0], "texture": "#0" },
        "down": { "uv": [1, 8.5, 0.5, 9], "texture": "#0" }
      }
    },
    {
      "from": [5, 2.45, 7.85],
      "to": [5.15, 2.85, 8.15],
      "rotation": { "angle": 0, "axis": "y", "origin": [0, 0, -0.225] },
      "faces": {
        "north": { "uv": [6, 8, 6.5, 8.5], "texture": "#0" },
        "east": { "uv": [8, 6, 8.5, 6.5], "texture": "#0" },
        "south": { "uv": [6.5, 8, 7, 8.5], "texture": "#0" },
        "west": { "uv": [8, 6.5, 8.5, 7], "texture": "#0" },
        "up": { "uv": [7.5, 8.5, 7, 8], "texture": "#0" },
        "down": { "uv": [8.5, 7, 8, 7.5], "texture": "#0" }
      }
    },
    {
      "from": [5, 1.75, 7.85],
      "to": [5.15, 2.15, 8.15],
      "rotation": { "angle": 0, "axis": "y", "origin": [0, 0, -0.225] },
      "faces": {
        "north": { "uv": [8.5, 0.5, 9, 1], "texture": "#0" },
        "east": { "uv": [1, 8.5, 1.5, 9], "texture": "#0" },
        "south": { "uv": [8.5, 1, 9, 1.5], "texture": "#0" },
        "west": { "uv": [1.5, 8.5, 2, 9], "texture": "#0" },
        "up": { "uv": [9, 2, 8.5, 1.5], "texture": "#0" },
        "down": { "uv": [2.5, 8.5, 2, 9], "texture": "#0" }
      }
    },
    {
      "from": [5, 1.75, 7.55],
      "to": [5.15, 2.85, 7.85],
      "rotation": { "angle": 0, "axis": "y", "origin": [0, 0, -0.225] },
      "faces": {
        "north": { "uv": [8.5, 2, 9, 2.5], "texture": "#0" },
        "east": { "uv": [2.5, 8.5, 3, 9], "texture": "#0" },
        "south": { "uv": [8.5, 2.5, 9, 3], "texture": "#0" },
        "west": { "uv": [3, 8.5, 3.5, 9], "texture": "#0" },
        "up": { "uv": [9, 3.5, 8.5, 3], "texture": "#0" },
        "down": { "uv": [4, 8.5, 3.5, 9], "texture": "#0" }
      }
    },
    {
      "from": [4.7, 1.1, 8.15],
      "to": [4.85, 2.85, 8.45],
      "rotation": { "angle": 0, "axis": "y", "origin": [-0.3, 0, -0.225] },
      "faces": {
        "north": { "uv": [4.5, 6, 5, 7], "texture": "#0" },
        "east": { "uv": [5, 6, 5.5, 7], "texture": "#0" },
        "south": { "uv": [6, 5, 6.5, 6], "texture": "#0" },
        "west": { "uv": [6, 6, 6.5, 7], "texture": "#0" },
        "up": { "uv": [6, 8.5, 5.5, 8], "texture": "#0" },
        "down": { "uv": [8.5, 5.5, 8, 6], "texture": "#0" }
      }
    },
    {
      "from": [4.6, 2.1, 9.025],
      "to": [4.75, 3.475, 9.25],
      "rotation": { "angle": 0, "axis": "y", "origin": [-0.3, 0, -0.225] },
      "faces": {
        "north": { "uv": [4.5, 6, 5, 7], "texture": "#0" },
        "east": { "uv": [5, 6, 5.5, 7], "texture": "#0" },
        "south": { "uv": [6, 5, 6.5, 6], "texture": "#0" },
        "west": { "uv": [6, 6, 6.5, 7], "texture": "#0" },
        "up": { "uv": [6, 8.5, 5.5, 8], "texture": "#0" },
        "down": { "uv": [8.5, 5.5, 8, 6], "texture": "#0" }
      }
    },
    {
      "from": [4.6, 3.1, 9.25],
      "to": [4.75, 3.475, 9.475],
      "rotation": { "angle": 0, "axis": "y", "origin": [-0.3, 0, -0.225] },
      "faces": {
        "north": { "uv": [4.5, 6, 5, 7], "texture": "#0" },
        "east": { "uv": [5, 6, 5.5, 7], "texture": "#0" },
        "south": { "uv": [6, 5, 6.5, 6], "texture": "#0" },
        "west": { "uv": [6, 6, 6.5, 7], "texture": "#0" },
        "up": { "uv": [6, 8.5, 5.5, 8], "texture": "#0" },
        "down": { "uv": [8.5, 5.5, 8, 6], "texture": "#0" }
      }
    },
    {
      "from": [4.6, 2.1, 9.675],
      "to": [4.75, 2.2, 9.925],
      "rotation": { "angle": 0, "axis": "y", "origin": [-0.3, 0, -0.225] },
      "faces": {
        "north": { "uv": [4.5, 6, 5, 7], "texture": "#0" },
        "east": { "uv": [5, 6, 5.5, 7], "texture": "#0" },
        "south": { "uv": [6, 5, 6.5, 6], "texture": "#0" },
        "west": { "uv": [6, 6, 6.5, 7], "texture": "#0" },
        "up": { "uv": [6, 8.5, 5.5, 8], "texture": "#0" },
        "down": { "uv": [8.5, 5.5, 8, 6], "texture": "#0" }
      }
    },
    {
      "from": [4.6, 2.35, 9.675],
      "to": [4.75, 2.45, 9.925],
      "rotation": { "angle": 0, "axis": "y", "origin": [-0.3, 0, -0.225] },
      "faces": {
        "north": { "uv": [4.5, 6, 5, 7], "texture": "#0" },
        "east": { "uv": [5, 6, 5.5, 7], "texture": "#0" },
        "south": { "uv": [6, 5, 6.5, 6], "texture": "#0" },
        "west": { "uv": [6, 6, 6.5, 7], "texture": "#0" },
        "up": { "uv": [6, 8.5, 5.5, 8], "texture": "#0" },
        "down": { "uv": [8.5, 5.5, 8, 6], "texture": "#0" }
      }
    },
    {
      "from": [4.6, 2.6, 9.675],
      "to": [4.75, 2.7, 9.925],
      "rotation": { "angle": 0, "axis": "y", "origin": [-0.3, 0, -0.225] },
      "faces": {
        "north": { "uv": [4.5, 6, 5, 7], "texture": "#0" },
        "east": { "uv": [5, 6, 5.5, 7], "texture": "#0" },
        "south": { "uv": [6, 5, 6.5, 6], "texture": "#0" },
        "west": { "uv": [6, 6, 6.5, 7], "texture": "#0" },
        "up": { "uv": [6, 8.5, 5.5, 8], "texture": "#0" },
        "down": { "uv": [8.5, 5.5, 8, 6], "texture": "#0" }
      }
    },
    {
      "from": [4.6, 2.2, 9.8],
      "to": [4.75, 2.35, 9.925],
      "rotation": { "angle": 0, "axis": "y", "origin": [-0.3, 0, -0.225] },
      "faces": {
        "north": { "uv": [4.5, 6, 5, 7], "texture": "#0" },
        "east": { "uv": [5, 6, 5.5, 7], "texture": "#0" },
        "south": { "uv": [6, 5, 6.5, 6], "texture": "#0" },
        "west": { "uv": [6, 6, 6.5, 7], "texture": "#0" },
        "up": { "uv": [6, 8.5, 5.5, 8], "texture": "#0" },
        "down": { "uv": [8.5, 5.5, 8, 6], "texture": "#0" }
      }
    },
    {
      "from": [4.6, 2.45, 9.675],
      "to": [4.75, 2.6, 9.8],
      "rotation": { "angle": 0, "axis": "y", "origin": [-0.3, 0, -0.225] },
      "faces": {
        "north": { "uv": [4.5, 6, 5, 7], "texture": "#0" },
        "east": { "uv": [5, 6, 5.5, 7], "texture": "#0" },
        "south": { "uv": [6, 5, 6.5, 6], "texture": "#0" },
        "west": { "uv": [6, 6, 6.5, 7], "texture": "#0" },
        "up": { "uv": [6, 8.5, 5.5, 8], "texture": "#0" },
        "down": { "uv": [8.5, 5.5, 8, 6], "texture": "#0" }
      }
    },
    {
      "from": [4.6, 2.675, 9.475],
      "to": [4.75, 3.475, 9.65],
      "rotation": { "angle": 0, "axis": "y", "origin": [-0.3, 0, -0.225] },
      "faces": {
        "north": { "uv": [4.5, 6, 5, 7], "texture": "#0" },
        "east": { "uv": [5, 6, 5.5, 7], "texture": "#0" },
        "south": { "uv": [6, 5, 6.5, 6], "texture": "#0" },
        "west": { "uv": [6, 6, 6.5, 7], "texture": "#0" },
        "up": { "uv": [6, 8.5, 5.5, 8], "texture": "#0" },
        "down": { "uv": [8.5, 5.5, 8, 6], "texture": "#0" }
      }
    },
    {
      "from": [11.25, 3.1, 9.525],
      "to": [11.4, 3.475, 9.75],
      "rotation": { "angle": 0, "axis": "y", "origin": [-0.3, 0, -0.225] },
      "faces": {
        "north": { "uv": [4.5, 6, 5, 7], "texture": "#0" },
        "east": { "uv": [5, 6, 5.5, 7], "texture": "#0" },
        "south": { "uv": [6, 5, 6.5, 6], "texture": "#0" },
        "west": { "uv": [6, 6, 6.5, 7], "texture": "#0" },
        "up": { "uv": [6, 8.5, 5.5, 8], "texture": "#0" },
        "down": { "uv": [8.5, 5.5, 8, 6], "texture": "#0" }
      }
    },
    {
      "from": [11.25, 2.1, 9.75],
      "to": [11.4, 3.475, 9.975],
      "rotation": { "angle": 0, "axis": "y", "origin": [-0.3, 0, -0.225] },
      "faces": {
        "north": { "uv": [4.5, 6, 5, 7], "texture": "#0" },
        "east": { "uv": [5, 6, 5.5, 7], "texture": "#0" },
        "south": { "uv": [6, 5, 6.5, 6], "texture": "#0" },
        "west": { "uv": [6, 6, 6.5, 7], "texture": "#0" },
        "up": { "uv": [6, 8.5, 5.5, 8], "texture": "#0" },
        "down": { "uv": [8.5, 5.5, 8, 6], "texture": "#0" }
      }
    },
    {
      "from": [11.25, 2.675, 9.35],
      "to": [11.4, 3.475, 9.525],
      "rotation": { "angle": 0, "axis": "y", "origin": [-0.3, 0, -0.225] },
      "faces": {
        "north": { "uv": [4.5, 6, 5, 7], "texture": "#0" },
        "east": { "uv": [5, 6, 5.5, 7], "texture": "#0" },
        "south": { "uv": [6, 5, 6.5, 6], "texture": "#0" },
        "west": { "uv": [6, 6, 6.5, 7], "texture": "#0" },
        "up": { "uv": [6, 8.5, 5.5, 8], "texture": "#0" },
        "down": { "uv": [8.5, 5.5, 8, 6], "texture": "#0" }
      }
    },
    {
      "from": [11.25, 2.6, 9.05],
      "to": [11.4, 2.7, 9.3],
      "rotation": { "angle": 0, "axis": "y", "origin": [-0.3, 0, -0.225] },
      "faces": {
        "north": { "uv": [4.5, 6, 5, 7], "texture": "#0" },
        "east": { "uv": [5, 6, 5.5, 7], "texture": "#0" },
        "south": { "uv": [6, 5, 6.5, 6], "texture": "#0" },
        "west": { "uv": [6, 6, 6.5, 7], "texture": "#0" },
        "up": { "uv": [6, 8.5, 5.5, 8], "texture": "#0" },
        "down": { "uv": [8.5, 5.5, 8, 6], "texture": "#0" }
      }
    },
    {
      "from": [11.25, 2.45, 9.175],
      "to": [11.4, 2.6, 9.3],
      "rotation": { "angle": 0, "axis": "y", "origin": [-0.3, 0, -0.225] },
      "faces": {
        "north": { "uv": [4.5, 6, 5, 7], "texture": "#0" },
        "east": { "uv": [5, 6, 5.5, 7], "texture": "#0" },
        "south": { "uv": [6, 5, 6.5, 6], "texture": "#0" },
        "west": { "uv": [6, 6, 6.5, 7], "texture": "#0" },
        "up": { "uv": [6, 8.5, 5.5, 8], "texture": "#0" },
        "down": { "uv": [8.5, 5.5, 8, 6], "texture": "#0" }
      }
    },
    {
      "from": [11.25, 2.35, 9.05],
      "to": [11.4, 2.45, 9.3],
      "rotation": { "angle": 0, "axis": "y", "origin": [-0.3, 0, -0.225] },
      "faces": {
        "north": { "uv": [4.5, 6, 5, 7], "texture": "#0" },
        "east": { "uv": [5, 6, 5.5, 7], "texture": "#0" },
        "south": { "uv": [6, 5, 6.5, 6], "texture": "#0" },
        "west": { "uv": [6, 6, 6.5, 7], "texture": "#0" },
        "up": { "uv": [6, 8.5, 5.5, 8], "texture": "#0" },
        "down": { "uv": [8.5, 5.5, 8, 6], "texture": "#0" }
      }
    },
    {
      "from": [11.25, 2.2, 9.05],
      "to": [11.4, 2.35, 9.175],
      "rotation": { "angle": 0, "axis": "y", "origin": [-0.3, 0, -0.225] },
      "faces": {
        "north": { "uv": [4.5, 6, 5, 7], "texture": "#0" },
        "east": { "uv": [5, 6, 5.5, 7], "texture": "#0" },
        "south": { "uv": [6, 5, 6.5, 6], "texture": "#0" },
        "west": { "uv": [6, 6, 6.5, 7], "texture": "#0" },
        "up": { "uv": [6, 8.5, 5.5, 8], "texture": "#0" },
        "down": { "uv": [8.5, 5.5, 8, 6], "texture": "#0" }
      }
    },
    {
      "from": [11.25, 2.1, 9.05],
      "to": [11.4, 2.2, 9.3],
      "rotation": { "angle": 0, "axis": "y", "origin": [-0.3, 0, -0.225] },
      "faces": {
        "north": { "uv": [4.5, 6, 5, 7], "texture": "#0" },
        "east": { "uv": [5, 6, 5.5, 7], "texture": "#0" },
        "south": { "uv": [6, 5, 6.5, 6], "texture": "#0" },
        "west": { "uv": [6, 6, 6.5, 7], "texture": "#0" },
        "up": { "uv": [6, 8.5, 5.5, 8], "texture": "#0" },
        "down": { "uv": [8.5, 5.5, 8, 6], "texture": "#0" }
      }
    },
    {
      "from": [4.7, 2.45, 7.85],
      "to": [4.85, 2.85, 8.15],
      "rotation": { "angle": 0, "axis": "y", "origin": [-0.3, 0, -0.225] },
      "faces": {
        "north": { "uv": [6, 8, 6.5, 8.5], "texture": "#0" },
        "east": { "uv": [8, 6, 8.5, 6.5], "texture": "#0" },
        "south": { "uv": [6.5, 8, 7, 8.5], "texture": "#0" },
        "west": { "uv": [8, 6.5, 8.5, 7], "texture": "#0" },
        "up": { "uv": [7.5, 8.5, 7, 8], "texture": "#0" },
        "down": { "uv": [8.5, 7, 8, 7.5], "texture": "#0" }
      }
    },
    {
      "from": [4.7, 1.75, 7.55],
      "to": [4.85, 2.85, 7.85],
      "rotation": { "angle": 0, "axis": "y", "origin": [-0.3, 0, -0.225] },
      "faces": {
        "north": { "uv": [8.5, 2, 9, 2.5], "texture": "#0" },
        "east": { "uv": [2.5, 8.5, 3, 9], "texture": "#0" },
        "south": { "uv": [8.5, 2.5, 9, 3], "texture": "#0" },
        "west": { "uv": [3, 8.5, 3.5, 9], "texture": "#0" },
        "up": { "uv": [9, 3.5, 8.5, 3], "texture": "#0" },
        "down": { "uv": [4, 8.5, 3.5, 9], "texture": "#0" }
      }
    },
    {
      "from": [4.7, 1.75, 7.85],
      "to": [4.85, 2.15, 8.15],
      "rotation": { "angle": 0, "axis": "y", "origin": [-0.3, 0, -0.225] },
      "faces": {
        "north": { "uv": [8.5, 0.5, 9, 1], "texture": "#0" },
        "east": { "uv": [1, 8.5, 1.5, 9], "texture": "#0" },
        "south": { "uv": [8.5, 1, 9, 1.5], "texture": "#0" },
        "west": { "uv": [1.5, 8.5, 2, 9], "texture": "#0" },
        "up": { "uv": [9, 2, 8.5, 1.5], "texture": "#0" },
        "down": { "uv": [2.5, 8.5, 2, 9], "texture": "#0" }
      }
    },
    {
      "from": [4.725, 4.025, 6.425],
      "to": [4.825, 4.775, 6.725],
      "rotation": { "angle": 22.5, "axis": "x", "origin": [-0.3, 0, -0.225] },
      "faces": {
        "north": { "uv": [7.5, 8, 8, 8.5], "texture": "#0" },
        "east": { "uv": [8, 7.5, 8.5, 8], "texture": "#0" },
        "south": { "uv": [8, 8, 8.5, 8.5], "texture": "#0" },
        "west": { "uv": [0, 8.5, 0.5, 9], "texture": "#0" },
        "up": { "uv": [9, 0.5, 8.5, 0], "texture": "#0" },
        "down": { "uv": [1, 8.5, 0.5, 9], "texture": "#0" }
      }
    },
    {
      "from": [10.275, 0, 7],
      "to": [11, 1, 9],
      "faces": {
        "north": { "uv": [5, 1.5, 5.5, 2], "texture": "#0" },
        "east": { "uv": [4, 1, 5, 1.5], "texture": "#0" },
        "south": { "uv": [0, 6.5, 0.5, 7], "texture": "#0" },
        "west": { "uv": [4, 1.5, 5, 2], "texture": "#0" },
        "up": { "uv": [1.5, 5, 1, 4], "texture": "#0" },
        "down": { "uv": [4.5, 3.5, 4, 4.5], "texture": "#0" }
      }
    },
    {
      "from": [10.85, 1.2, 7.725],
      "to": [11, 1.475, 8.625],
      "faces": {
        "north": { "uv": [4, 8, 4.5, 8.5], "texture": "#0" },
        "east": { "uv": [8, 4, 8.5, 4.5], "texture": "#0" },
        "south": { "uv": [4.5, 8, 5, 8.5], "texture": "#0" },
        "west": { "uv": [8, 4.5, 8.5, 5], "texture": "#0" },
        "up": { "uv": [5.5, 8.5, 5, 8], "texture": "#0" },
        "down": { "uv": [8.5, 5, 8, 5.5], "texture": "#0" }
      }
    },
    {
      "from": [11.15, 1.2, 8.35],
      "to": [11.3, 2.775, 8.65],
      "faces": {
        "north": { "uv": [3, 6, 3.5, 7], "texture": "#0" },
        "east": { "uv": [6, 3, 6.5, 4], "texture": "#0" },
        "south": { "uv": [3.5, 6, 4, 7], "texture": "#0" },
        "west": { "uv": [6, 4, 6.5, 5], "texture": "#0" },
        "up": { "uv": [4, 8.5, 3.5, 8], "texture": "#0" },
        "down": { "uv": [8.5, 3.5, 8, 4], "texture": "#0" }
      }
    },
    {
      "from": [11.15, 1.2, 7.45],
      "to": [11.3, 1.475, 8.35],
      "faces": {
        "north": { "uv": [4, 8, 4.5, 8.5], "texture": "#0" },
        "east": { "uv": [8, 4, 8.5, 4.5], "texture": "#0" },
        "south": { "uv": [4.5, 8, 5, 8.5], "texture": "#0" },
        "west": { "uv": [8, 4.5, 8.5, 5], "texture": "#0" },
        "up": { "uv": [5.5, 8.5, 5, 8], "texture": "#0" },
        "down": { "uv": [8.5, 5, 8, 5.5], "texture": "#0" }
      }
    },
    {
      "from": [5.125, 8.4, 7],
      "to": [8.075, 8.525, 8],
      "rotation": { "angle": -22.5, "axis": "z", "origin": [6.275, 0, 0] },
      "faces": {
        "north": { "uv": [1.5, 2, 3, 2.5], "texture": "#0" },
        "east": { "uv": [6, 7, 6.5, 7.5], "texture": "#0" },
        "south": { "uv": [2, 1.5, 3.5, 2], "texture": "#0" },
        "west": { "uv": [7, 6, 7.5, 6.5], "texture": "#0" },
        "up": { "uv": [1.5, 3, 0, 2.5], "texture": "#0" },
        "down": { "uv": [3, 2.5, 1.5, 3], "texture": "#0" }
      }
    },
    {
      "from": [5.125, 7.05, 7.025],
      "to": [8.075, 7.175, 7.975],
      "rotation": { "angle": -22.5, "axis": "z", "origin": [6.275, -1.35, 0] },
      "faces": {
        "north": { "uv": [3, 3, 4.5, 3.5], "texture": "#0" },
        "east": { "uv": [3, 8, 3.5, 8.5], "texture": "#0" },
        "south": { "uv": [0, 3.5, 1.5, 4], "texture": "#0" },
        "west": { "uv": [8, 3, 8.5, 3.5], "texture": "#0" },
        "up": { "uv": [5, 0.5, 3.5, 0], "texture": "#0" },
        "down": { "uv": [5, 0.5, 3.5, 1], "texture": "#0" }
      }
    },
    {
      "from": [11.1, 5.725, 7],
      "to": [11.225, 7.175, 8],
      "rotation": { "angle": 0, "axis": "x", "origin": [6.275, 0, 0] },
      "faces": {
        "north": { "uv": [6.5, 7, 7, 7.5], "texture": "#0" },
        "east": { "uv": [7, 6.5, 7.5, 7], "texture": "#0" },
        "south": { "uv": [7, 7, 7.5, 7.5], "texture": "#0" },
        "west": { "uv": [0, 7.5, 0.5, 8], "texture": "#0" },
        "up": { "uv": [8, 0.5, 7.5, 0], "texture": "#0" },
        "down": { "uv": [1, 7.5, 0.5, 8], "texture": "#0" }
      }
    },
    {
      "from": [11.075, 1.15, 8.65],
      "to": [11.25, 2.6, 9.65],
      "rotation": { "angle": -22.5, "axis": "x", "origin": [6.325, 0, 0] },
      "faces": {
        "north": { "uv": [7.5, 0.5, 8, 1], "texture": "#0" },
        "east": { "uv": [1, 7.5, 1.5, 8], "texture": "#0" },
        "south": { "uv": [7.5, 1, 8, 1.5], "texture": "#0" },
        "west": { "uv": [1.5, 7.5, 2, 8], "texture": "#0" },
        "up": { "uv": [8, 2, 7.5, 1.5], "texture": "#0" },
        "down": { "uv": [2.5, 7.5, 2, 8], "texture": "#0" }
      }
    },
    {
      "from": [11.05, 8.425, 2.25],
      "to": [11.275, 9.425, 3.7],
      "rotation": { "angle": 45, "axis": "x", "origin": [6.325, 0, 0] },
      "faces": {
        "north": { "uv": [7.5, 2, 8, 2.5], "texture": "#0" },
        "east": { "uv": [2.5, 7.5, 3, 8], "texture": "#0" },
        "south": { "uv": [7.5, 2.5, 8, 3], "texture": "#0" },
        "west": { "uv": [3, 7.5, 3.5, 8], "texture": "#0" },
        "up": { "uv": [8, 3.5, 7.5, 3], "texture": "#0" },
        "down": { "uv": [4, 7.5, 3.5, 8], "texture": "#0" }
      }
    },
    {
      "from": [11.025, 6.375, 6.625],
      "to": [11.3, 7.375, 7.775],
      "rotation": { "angle": 22.5, "axis": "x", "origin": [6.325, 0, 0] },
      "faces": {
        "north": { "uv": [7.5, 3.5, 8, 4], "texture": "#0" },
        "east": { "uv": [4, 7.5, 4.5, 8], "texture": "#0" },
        "south": { "uv": [7.5, 4, 8, 4.5], "texture": "#0" },
        "west": { "uv": [4.5, 7.5, 5, 8], "texture": "#0" },
        "up": { "uv": [8, 5, 7.5, 4.5], "texture": "#0" },
        "down": { "uv": [5.5, 7.5, 5, 8], "texture": "#0" }
      }
    },
    {
      "from": [11, 2, 9],
      "to": [11.275, 3.825, 10],
      "rotation": { "angle": 0, "axis": "y", "origin": [6.275, 0, 0] },
      "faces": {
        "north": { "uv": [6, 1, 6.5, 2], "texture": "#0" },
        "east": { "uv": [1.5, 6, 2, 7], "texture": "#0" },
        "south": { "uv": [2, 6, 2.5, 7], "texture": "#0" },
        "west": { "uv": [6, 2, 6.5, 3], "texture": "#0" },
        "up": { "uv": [8, 5.5, 7.5, 5], "texture": "#0" },
        "down": { "uv": [6, 7.5, 5.5, 8], "texture": "#0" }
      }
    },
    {
      "from": [5, 1, 9],
      "to": [5.725, 3, 10],
      "faces": {
        "north": { "uv": [0, 5.5, 0.5, 6.5], "texture": "#0" },
        "east": { "uv": [0.5, 5.5, 1, 6.5], "texture": "#0" },
        "south": { "uv": [5.5, 0.5, 6, 1.5], "texture": "#0" },
        "west": { "uv": [5.5, 1.5, 6, 2.5], "texture": "#0" },
        "up": { "uv": [4.5, 7, 4, 6.5], "texture": "#0" },
        "down": { "uv": [7, 4, 6.5, 4.5], "texture": "#0" }
      }
    },
    {
      "from": [10.65, 1.475, 10],
      "to": [10.8, 2.15, 10.1],
      "faces": {
        "north": { "uv": [7.5, 7, 8, 7.5], "texture": "#0" },
        "east": { "uv": [7.5, 7.5, 8, 8], "texture": "#0" },
        "south": { "uv": [0, 8, 0.5, 8.5], "texture": "#0" },
        "west": { "uv": [8, 0, 8.5, 0.5], "texture": "#0" },
        "up": { "uv": [1, 8.5, 0.5, 8], "texture": "#0" },
        "down": { "uv": [8.5, 0.5, 8, 1], "texture": "#0" }
      }
    },
    {
      "from": [5, 0, 7],
      "to": [5.725, 1, 9],
      "faces": {
        "north": { "uv": [6.5, 0, 7, 0.5], "texture": "#0" },
        "east": { "uv": [1.5, 4.5, 2.5, 5], "texture": "#0" },
        "south": { "uv": [0.5, 6.5, 1, 7], "texture": "#0" },
        "west": { "uv": [4.5, 2, 5.5, 2.5], "texture": "#0" },
        "up": { "uv": [3, 5.5, 2.5, 4.5], "texture": "#0" },
        "down": { "uv": [5, 2.5, 4.5, 3.5], "texture": "#0" }
      }
    },
    {
      "from": [5, 1, 6],
      "to": [5.725, 3, 7],
      "faces": {
        "north": { "uv": [3.5, 5, 4, 6], "texture": "#0" },
        "east": { "uv": [5, 4, 5.5, 5], "texture": "#0" },
        "south": { "uv": [4.5, 5, 5, 6], "texture": "#0" },
        "west": { "uv": [5, 5, 5.5, 6], "texture": "#0" },
        "up": { "uv": [7, 3.5, 6.5, 3], "texture": "#0" },
        "down": { "uv": [7, 3.5, 6.5, 4], "texture": "#0" }
      }
    },
    {
      "from": [5, 3, 7],
      "to": [5.725, 4, 9],
      "faces": {
        "north": { "uv": [6.5, 1.5, 7, 2], "texture": "#0" },
        "east": { "uv": [0, 5, 1, 5.5], "texture": "#0" },
        "south": { "uv": [6.5, 2, 7, 2.5], "texture": "#0" },
        "west": { "uv": [5, 0, 6, 0.5], "texture": "#0" },
        "up": { "uv": [5.5, 1.5, 5, 0.5], "texture": "#0" },
        "down": { "uv": [1.5, 5, 1, 6], "texture": "#0" }
      }
    },
    {
      "from": [4.85, 1, 7],
      "to": [5, 3, 9],
      "faces": {
        "north": { "uv": [3.5, 1, 4, 2], "texture": "#0" },
        "east": { "uv": [0, 0, 1, 1], "texture": "#0" },
        "south": { "uv": [1.5, 3.5, 2, 4.5], "texture": "#0" },
        "west": { "uv": [0, 1, 1, 2], "texture": "#0" },
        "up": { "uv": [2.5, 4.5, 2, 3.5], "texture": "#0" },
        "down": { "uv": [3, 3.5, 2.5, 4.5], "texture": "#0" }
      }
    },
    {
      "from": [4.725, 2, 9],
      "to": [5, 3.825, 10],
      "faces": {
        "north": { "uv": [2.5, 5.5, 3, 6.5], "texture": "#0" },
        "east": { "uv": [5.5, 2.5, 6, 3.5], "texture": "#0" },
        "south": { "uv": [5.5, 3.5, 6, 4.5], "texture": "#0" },
        "west": { "uv": [4, 5.5, 4.5, 6.5], "texture": "#0" },
        "up": { "uv": [7, 5, 6.5, 4.5], "texture": "#0" },
        "down": { "uv": [7, 5, 6.5, 5.5], "texture": "#0" }
      }
    },
    {
      "from": [4.7, 6.375, 6.625],
      "to": [4.975, 7.375, 7.775],
      "rotation": { "angle": 22.5, "axis": "x", "origin": [0, 0, 0] },
      "faces": {
        "north": { "uv": [5.5, 6.5, 6, 7], "texture": "#0" },
        "east": { "uv": [6.5, 5.5, 7, 6], "texture": "#0" },
        "south": { "uv": [6.5, 6, 7, 6.5], "texture": "#0" },
        "west": { "uv": [6.5, 6.5, 7, 7], "texture": "#0" },
        "up": { "uv": [0.5, 7.5, 0, 7], "texture": "#0" },
        "down": { "uv": [7.5, 0, 7, 0.5], "texture": "#0" }
      }
    },
    {
      "from": [4.725, 8.425, 2.25],
      "to": [4.95, 9.425, 3.7],
      "rotation": { "angle": 45, "axis": "x", "origin": [0, 0, 0] },
      "faces": {
        "north": { "uv": [0.5, 7, 1, 7.5], "texture": "#0" },
        "east": { "uv": [7, 0.5, 7.5, 1], "texture": "#0" },
        "south": { "uv": [1, 7, 1.5, 7.5], "texture": "#0" },
        "west": { "uv": [7, 1, 7.5, 1.5], "texture": "#0" },
        "up": { "uv": [2, 7.5, 1.5, 7], "texture": "#0" },
        "down": { "uv": [7.5, 1.5, 7, 2], "texture": "#0" }
      }
    },
    {
      "from": [4.75, 1.15, 8.65],
      "to": [4.925, 2.6, 9.65],
      "rotation": { "angle": -22.5, "axis": "x", "origin": [0, 0, 0] },
      "faces": {
        "north": { "uv": [2, 7, 2.5, 7.5], "texture": "#0" },
        "east": { "uv": [7, 2, 7.5, 2.5], "texture": "#0" },
        "south": { "uv": [2.5, 7, 3, 7.5], "texture": "#0" },
        "west": { "uv": [7, 2.5, 7.5, 3], "texture": "#0" },
        "up": { "uv": [3.5, 7.5, 3, 7], "texture": "#0" },
        "down": { "uv": [7.5, 3, 7, 3.5], "texture": "#0" }
      }
    },
    {
      "from": [4.775, 5.725, 7],
      "to": [4.9, 7.175, 8],
      "faces": {
        "north": { "uv": [3.5, 7, 4, 7.5], "texture": "#0" },
        "east": { "uv": [7, 3.5, 7.5, 4], "texture": "#0" },
        "south": { "uv": [4, 7, 4.5, 7.5], "texture": "#0" },
        "west": { "uv": [7, 4, 7.5, 4.5], "texture": "#0" },
        "up": { "uv": [5, 7.5, 4.5, 7], "texture": "#0" },
        "down": { "uv": [7.5, 4.5, 7, 5], "texture": "#0" }
      }
    },
    {
      "from": [7.175, 4.675, 7],
      "to": [10.125, 4.8, 8],
      "rotation": { "angle": 22.5, "axis": "z", "origin": [0, 0, 0] },
      "faces": {
        "north": { "uv": [0, 2, 1.5, 2.5], "texture": "#0" },
        "east": { "uv": [5, 7, 5.5, 7.5], "texture": "#0" },
        "south": { "uv": [2, 0, 3.5, 0.5], "texture": "#0" },
        "west": { "uv": [7, 5, 7.5, 5.5], "texture": "#0" },
        "up": { "uv": [3.5, 1, 2, 0.5], "texture": "#0" },
        "down": { "uv": [3.5, 1, 2, 1.5], "texture": "#0" }
      }
    },
    {
      "from": [7.175, 3.325, 7.025],
      "to": [10.125, 3.45, 7.975],
      "rotation": { "angle": 22.5, "axis": "z", "origin": [0, -1.35, 0] },
      "faces": {
        "north": { "uv": [0, 3, 1.5, 3.5], "texture": "#0" },
        "east": { "uv": [2.5, 8, 3, 8.5], "texture": "#0" },
        "south": { "uv": [1.5, 3, 3, 3.5], "texture": "#0" },
        "west": { "uv": [8, 2.5, 8.5, 3], "texture": "#0" },
        "up": { "uv": [4.5, 2.5, 3, 2], "texture": "#0" },
        "down": { "uv": [4.5, 2.5, 3, 3], "texture": "#0" }
      }
    },
    {
      "from": [7.525, 8.175, 6.975],
      "to": [8.475, 8.325, 8.025],
      "faces": {
        "north": { "uv": [7.5, 5.5, 8, 6], "texture": "#0" },
        "east": { "uv": [6, 7.5, 6.5, 8], "texture": "#0" },
        "south": { "uv": [7.5, 6, 8, 6.5], "texture": "#0" },
        "west": { "uv": [6.5, 7.5, 7, 8], "texture": "#0" },
        "up": { "uv": [8, 7, 7.5, 6.5], "texture": "#0" },
        "down": { "uv": [7.5, 7.5, 7, 8], "texture": "#0" }
      }
    },
    {
      "from": [7.525, 6.825, 7],
      "to": [8.475, 6.975, 8],
      "rotation": { "angle": 0, "axis": "z", "origin": [0, -1.35, 0] },
      "faces": {
        "north": { "uv": [1, 8, 1.5, 8.5], "texture": "#0" },
        "east": { "uv": [8, 1, 8.5, 1.5], "texture": "#0" },
        "south": { "uv": [1.5, 8, 2, 8.5], "texture": "#0" },
        "west": { "uv": [8, 1.5, 8.5, 2], "texture": "#0" },
        "up": { "uv": [2.5, 8.5, 2, 8], "texture": "#0" },
        "down": { "uv": [8.5, 2, 8, 2.5], "texture": "#0" }
      }
    }
  ],
  "display": {
    "thirdperson_righthand": {
      "translation": [0, 0.5, 1.5]
    },
    "thirdperson_lefthand": {
      "translation": [0, 0.5, 1.5]
    },
    "firstperson_righthand": {
      "rotation": [0, 7, 0],
      "translation": [0, 8.25, 0.5]
    },
    "firstperson_lefthand": {
      "rotation": [0, 7, 0],
      "translation": [0, 8.25, 0.5]
    },
    "ground": {
      "translation": [0, 5.25, 0]
    },
    "gui": {
      "rotation": [0, 37, 0],
      "translation": [0.5, 5.25, 0],
      "scale": [1.5, 1.5, 1.5]
    },
    "head": {
      "rotation": [0, 180, 0],
      "translation": [0, 11, 0.25],
      "scale": [2.85, 2.06, 2.52]
    },
    "fixed": {
      "rotation": [14, 180, 0],
      "translation": [0, 7, 0.5],
      "scale": [1.69, 1.69, 1.69]
    }
  },
  "groups": [
    {
      "name": "right_headphones",
      "origin": [0, 0, 0],
      "color": 0,
      "nbt": "{}",
      "armAnimationEnabled": false,
      "children": [
        0, 1, 2, 3, 4, 5, 6, 7, 8, 9, 10, 11, 12, 13, 14, 15, 16, 17, 18, 19,
        20, 21, 22, 23, 24, 25, 26, 27, 28, 29, 30, 31, 32, 33, 34, 35, 36, 37,
        38, 39, 40, 41
      ]
    },
    {
      "name": "left_headphones",
      "origin": [0, 0, 0],
      "color": 0,
      "nbt": "{}",
      "armAnimationEnabled": false,
      "children": [42, 43, 44, 45, 46, 47, 48, 49, 50, 51, 52, 53, 54]
    },
    55,
    56
  ]
}
