{
  "credit": "Made By Khaled_Shooter with Blockbench",
  "textures": {
    "0": "minecraft:artefact/console/ps_loading_screen",
    "1": "minecraft:artefact/console/ps_tv",
    "particle": "minecraft:artefact/console/ps_loading_screen"
  },
  "elements": [
    {
      "from": [-15, 6, 6],
      "to": [31, 31, 7],
      "faces": {
        "north": { "uv": [0, 0, 16, 16], "texture": "#0" },
        "east": { "uv": [5.34, 0, 4.9, 3.125], "texture": "#0" },
        "south": { "uv": [2.47, 0.655, 13.47, 2.74], "texture": "#0" },
        "west": { "uv": [5.465, 0, 5.02, 3.125], "texture": "#0" },
        "up": { "uv": [11.5, 1.125, 5.75, 1], "texture": "#0" },
        "down": { "uv": [11.5, 1.125, 5.75, 1.25], "texture": "#0" }
      }
    },
    {
      "from": [-16, 5.5, 6.25],
      "to": [32, 31.5, 7.45],
      "faces": {
        "north": { "uv": [0, 0, 6, 3.375], "texture": "#1" },
        "east": { "uv": [6, 0.25, 6.125, 3.625], "texture": "#1" },
        "south": { "uv": [0, 3.375, 6, 6.75], "texture": "#1" },
        "west": { "uv": [6, 3.625, 6.125, 7], "texture": "#1" },
        "up": { "uv": [12, 0.125, 6, 0], "texture": "#1" },
        "down": { "uv": [12, 0.125, 6, 0.25], "texture": "#1" }
      }
    },
    {
      "from": [7, 18, 6.8],
      "to": [9, 20, 7.8],
      "faces": {
        "north": { "uv": [6.25, 0.5, 8.25, 2.5], "texture": "#1" },
        "east": { "uv": [6.5, 0.5, 7.5, 2.5], "texture": "#1" },
        "south": { "uv": [6.25, 0.5, 8.25, 2.5], "texture": "#1" },
        "west": { "uv": [6.375, 0.5, 7.375, 2.5], "texture": "#1" },
        "up": { "uv": [8.375, 1.75, 6.375, 0.75], "texture": "#1" },
        "down": { "uv": [8.375, 0.875, 6.375, 1.875], "texture": "#1" }
      }
    }
  ],
  "display": {
    "thirdperson_righthand": {
      "rotation": [90, 0, 0],
      "translation": [-6, 0, 0],
      "scale": [0.3, 0.3, 0.3]
    },
    "thirdperson_lefthand": {
      "rotation": [90, 0, 0],
      "translation": [-6.25, 0, 0],
      "scale": [0.3, 0.3, 0.3]
    },
    "firstperson_righthand": {
      "rotation": [0, 112, 0],
      "translation": [-3, 3.5, -2.75],
      "scale": [0.33, 0.33, 0.33]
    },
    "firstperson_lefthand": {
      "scale": [0.32, 0.32, 0.32]
    },
    "ground": {
      "scale": [0.8, 0.8, 0.8]
    },
    "gui": {
      "rotation": [0, 180, 0],
      "translation": [0.25, -4, 0],
      "scale": [0.34, 0.34, 0.34]
    },
    "head": {
      "translation": [0, -6.25, -5.75],
      "scale": [0.63, 0.63, 0.63]
    },
    "fixed": {
      "translation": [0.5, -10, 2],
      "scale": [1.3, 1.3, 1.3]
    }
  }
}
