{
  "credit": "Made with Blockbench",
  "textures": {
    "0": "maeflowers:block/bathroom/bathtub",
    "1": "maeflowers:block/bathroom/bathtub_bottom_1",
    "2": "maeflowers:block/bathroom/bathtub_bottom_2",
    "3": "maeflowers:block/bathroom/bathtub_faucet_texture",
    "particle": "maeflowers:block/bathroom/bathtub"
  },
  "elements": [
    {
      "from": [14, 0, 0],
      "to": [16, 10, 16],
      "faces": {
        "north": { "uv": [0, 0, 2, 10], "texture": "#0" },
        "east": { "uv": [0, 6, 16, 16], "texture": "#0" },
        "south": { "uv": [0, 0, 2, 10], "texture": "#0" },
        "west": { "uv": [0, 6, 16, 16], "texture": "#0" },
        "up": { "uv": [0, 0, 16, 2], "rotation": 90, "texture": "#0" },
        "down": { "uv": [0, 0, 16, 2], "rotation": 270, "texture": "#0" }
      }
    },
    {
      "from": [0, 0, 0],
      "to": [2, 10, 16],
      "faces": {
        "north": { "uv": [0, 0, 2, 10], "texture": "#0" },
        "east": { "uv": [0, 6, 16, 16], "texture": "#0" },
        "south": { "uv": [14, 6, 16, 16], "texture": "#0" },
        "west": { "uv": [0, 6, 16, 16], "texture": "#0" },
        "up": { "uv": [0, 0, 16, 2], "rotation": 90, "texture": "#0" },
        "down": { "uv": [0, 0, 16, 2], "rotation": 270, "texture": "#0" }
      }
    },
    {
      "from": [0, 0, -16],
      "to": [2, 10, 0],
      "faces": {
        "north": { "uv": [14, 6, 16, 16], "texture": "#0" },
        "east": { "uv": [0, 6, 16, 16], "texture": "#0" },
        "south": { "uv": [0, 0, 2, 10], "texture": "#0" },
        "west": { "uv": [0, 6, 16, 16], "texture": "#0" },
        "up": { "uv": [0, 0, 16, 2], "rotation": 90, "texture": "#0" },
        "down": { "uv": [0, 0, 16, 2], "rotation": 270, "texture": "#0" }
      }
    },
    {
      "from": [14, 0, -16],
      "to": [16, 10, 0],
      "faces": {
        "north": { "uv": [0, 6, 2, 16], "texture": "#0" },
        "east": { "uv": [0, 6, 16, 16], "texture": "#0" },
        "south": { "uv": [0, 0, 2, 10], "texture": "#0" },
        "west": { "uv": [0, 6, 16, 16], "texture": "#0" },
        "up": { "uv": [0, 0, 16, 2], "rotation": 90, "texture": "#0" },
        "down": { "uv": [0, 0, 16, 2], "rotation": 270, "texture": "#0" }
      }
    },
    {
      "from": [2, 0, 12],
      "to": [14, 10, 16],
      "faces": {
        "north": { "uv": [2, 6, 14, 16], "texture": "#0" },
        "east": { "uv": [0, 0, 4, 10], "texture": "#0" },
        "south": { "uv": [2, 6, 14, 16], "texture": "#0" },
        "west": { "uv": [0, 0, 4, 10], "texture": "#0" },
        "up": { "uv": [0, 0, 4, 12], "rotation": 90, "texture": "#0" },
        "down": { "uv": [0, 0, 4, 12], "rotation": 270, "texture": "#0" }
      }
    },
    {
      "from": [2, 0, -16],
      "to": [14, 10, -14],
      "faces": {
        "north": { "uv": [2, 6, 14, 16], "texture": "#0" },
        "east": { "uv": [0, 0, 2, 10], "texture": "#0" },
        "south": { "uv": [2, 6, 14, 16], "texture": "#0" },
        "west": { "uv": [0, 0, 2, 10], "texture": "#0" },
        "up": { "uv": [0, 0, 2, 12], "rotation": 90, "texture": "#0" },
        "down": { "uv": [0, 0, 2, 12], "rotation": 270, "texture": "#0" }
      }
    },
    {
      "from": [2, 0, -14],
      "to": [14, 2, 0],
      "faces": {
        "north": { "uv": [0, 0, 12, 2], "texture": "#0" },
        "east": { "uv": [0, 0, 14, 2], "texture": "#0" },
        "south": { "uv": [0, 0, 12, 2], "texture": "#0" },
        "west": { "uv": [0, 0, 14, 2], "texture": "#0" },
        "up": { "uv": [2, 2, 16, 14], "rotation": 90, "texture": "#2" },
        "down": { "uv": [0, 0, 14, 12], "rotation": 270, "texture": "#0" }
      }
    },
    {
      "from": [2, 0, 0],
      "to": [14, 2, 13],
      "faces": {
        "north": { "uv": [0, 0, 12, 2], "texture": "#0" },
        "east": { "uv": [0, 0, 14, 2], "texture": "#0" },
        "south": { "uv": [0, 0, 12, 2], "texture": "#0" },
        "west": { "uv": [0, 0, 14, 2], "texture": "#0" },
        "up": { "uv": [0, 2, 14, 14], "rotation": 90, "texture": "#1" },
        "down": { "uv": [0, 0, 14, 12], "rotation": 270, "texture": "#0" }
      }
    },
    {
      "from": [6.97233, 14.25, -2.75],
      "to": [8.97483, 16.15, -1.75],
      "rotation": {
        "angle": 45,
        "axis": "x",
        "origin": [15.97183, 0.15076, 2.25]
      },
      "faces": {
        "north": { "uv": [0, 0, 2.0025, 1.9], "texture": "#3" },
        "east": { "uv": [0, 0, 1, 1.9], "texture": "#3" },
        "south": { "uv": [0, 0, 2.0025, 1.9], "texture": "#3" },
        "west": { "uv": [0, 0, 1, 1.9], "texture": "#3" },
        "up": { "uv": [0, 0, 1, 2.0025], "rotation": 90, "texture": "#3" },
        "down": { "uv": [0, 0, 1, 2.0025], "rotation": 270, "texture": "#3" }
      }
    },
    {
      "from": [3.97183, 13, 15.02817],
      "to": [5.97183, 15, 16.02817],
      "rotation": { "angle": 0, "axis": "y", "origin": [15.97183, 0, 0.02817] },
      "faces": {
        "north": { "uv": [0, 2, 2, 4], "texture": "#3" },
        "east": { "uv": [2, 0, 3, 2], "texture": "#3" },
        "south": { "uv": [0, 0, 2, 2], "texture": "#3" },
        "west": { "uv": [2, 2, 3, 4], "texture": "#3" },
        "up": { "uv": [4, 2, 3, 0], "rotation": 90, "texture": "#3" },
        "down": { "uv": [4, 2, 3, 4], "rotation": 270, "texture": "#3" }
      }
    },
    {
      "from": [9.97183, 13, 15.02817],
      "to": [11.97183, 15, 16.02817],
      "rotation": { "angle": 0, "axis": "y", "origin": [15.97183, 0, 0.02817] },
      "faces": {
        "north": { "uv": [0, 2, 2, 4], "texture": "#3" },
        "east": { "uv": [2, 0, 3, 2], "texture": "#3" },
        "south": { "uv": [0, 0, 2, 2], "texture": "#3" },
        "west": { "uv": [2, 2, 3, 4], "texture": "#3" },
        "up": { "uv": [4, 2, 3, 0], "rotation": 90, "texture": "#3" },
        "down": { "uv": [4, 2, 3, 4], "rotation": 270, "texture": "#3" }
      }
    },
    {
      "from": [6.97183, 13, 10.02817],
      "to": [8.97183, 15, 16.02817],
      "rotation": { "angle": 0, "axis": "y", "origin": [15.97183, 0, 0.02817] },
      "faces": {
        "north": { "uv": [0, 0, 2, 2], "texture": "#3" },
        "east": { "uv": [0, 0, 6, 2], "texture": "#3" },
        "south": { "uv": [0, 0, 2, 2], "texture": "#3" },
        "west": { "uv": [0, 0, 6, 2], "texture": "#3" },
        "up": { "uv": [0, 0, 6, 2], "rotation": 90, "texture": "#3" },
        "down": { "uv": [0, 0, 6, 2], "rotation": 270, "texture": "#3" }
      }
    },
    {
      "from": [6.96933, 12.4, 8.67817],
      "to": [8.97433, 13.65, 10.67817],
      "rotation": { "angle": 0, "axis": "y", "origin": [15.97183, 0, 0.02817] },
      "faces": {
        "north": { "uv": [0, 0, 2.005, 1.25], "texture": "#3" },
        "east": { "uv": [0, 0, 2, 1.25], "texture": "#3" },
        "south": { "uv": [0, 0, 2.005, 1.25], "texture": "#3" },
        "west": { "uv": [0, 0, 2, 1.25], "texture": "#3" },
        "up": { "uv": [0, 0, 2, 2.005], "rotation": 90, "texture": "#3" },
        "down": { "uv": [0, 0, 2, 2.005], "rotation": 270, "texture": "#3" }
      }
    },
    {
      "from": [6.97183, 13, 9.02817],
      "to": [8.97183, 14, 10.02817],
      "rotation": { "angle": 0, "axis": "y", "origin": [15.97183, 0, 0.02817] },
      "faces": {
        "north": { "uv": [0, 0, 2, 1], "texture": "#3" },
        "east": { "uv": [0, 0, 1, 1], "texture": "#3" },
        "south": { "uv": [0, 0, 2, 1], "texture": "#3" },
        "west": { "uv": [0, 0, 1, 1], "texture": "#3" },
        "up": { "uv": [0, 0, 1, 2], "rotation": 90, "texture": "#3" },
        "down": { "uv": [0, 0, 1, 2], "rotation": 270, "texture": "#3" }
      }
    },
    {
      "from": [6.97183, 7, 11.02817],
      "to": [8.97183, 9, 12.02817],
      "rotation": { "angle": 0, "axis": "y", "origin": [15.97183, 0, 0.02817] },
      "faces": {
        "north": { "uv": [0, 2, 2, 4], "texture": "#3" },
        "east": { "uv": [2, 0, 3, 2], "texture": "#3" },
        "south": { "uv": [0, 0, 2, 2], "texture": "#3" },
        "west": { "uv": [2, 2, 3, 4], "texture": "#3" },
        "up": { "uv": [4, 2, 3, 0], "rotation": 90, "texture": "#3" },
        "down": { "uv": [4, 2, 3, 4], "rotation": 270, "texture": "#3" }
      }
    }
  ],
  "display": {
    "thirdperson_righthand": {
      "translation": [0, 3.25, 0],
      "scale": [0.4, 0.4, 0.4]
    },
    "thirdperson_lefthand": {
      "translation": [0, 3.25, 0],
      "scale": [0.4, 0.4, 0.4]
    },
    "firstperson_righthand": {
      "translation": [0, 0, 6.25],
      "scale": [0.4, 0.4, 0.4]
    },
    "firstperson_lefthand": {
      "translation": [0, 0, 6.25],
      "scale": [0.4, 0.4, 0.4]
    },
    "ground": {
      "translation": [0, 2.5, 0],
      "scale": [0.5, 0.5, 0.5]
    },
    "gui": {
      "rotation": [46, -137, 0],
      "translation": [-2.25, 2.25, 0],
      "scale": [0.4, 0.4, 0.4]
    },
    "fixed": {
      "rotation": [-90, 0, 0],
      "translation": [0, 0, -14],
      "scale": [2, 2, 2]
    }
  },
  "groups": [
    {
      "name": "group",
      "origin": [8, 8, 8],
      "color": 0,
      "children": [0, 1, 2, 3, 4, 5, 6, 7]
    },
    {
      "name": "faucet",
      "origin": [19.22183, 0.15076, 3],
      "color": 0,
      "children": [8, 9, 10, 11, 12, 13, 14]
    }
  ]
}
