{
  "credit": "Made with Blockbench",
  "textures": {
    "0": "maeflowers:block/bathroom/bathtub",
    "1": "maeflowers:block/bathroom/bathtub_bottom_1",
    "2": "maeflowers:block/bathroom/bathtub_bottom_2",
    "particle": "maeflowers:block/bathroom/bathtub"
  },
  "elements": [
    {
      "from": [14, 0, 0],
      "to": [16, 10, 16],
      "faces": {
        "north": { "uv": [0, 0, 2, 10], "texture": "#0" },
        "east": { "uv": [0, 6, 16, 16], "texture": "#0" },
        "south": { "uv": [0, 0, 2, 10], "texture": "#0" },
        "west": { "uv": [0, 6, 16, 16], "texture": "#0" },
        "up": { "uv": [0, 0, 16, 2], "rotation": 90, "texture": "#0" },
        "down": { "uv": [0, 0, 16, 2], "rotation": 270, "texture": "#0" }
      }
    },
    {
      "from": [0, 0, 0],
      "to": [2, 10, 16],
      "faces": {
        "north": { "uv": [0, 0, 2, 10], "texture": "#0" },
        "east": { "uv": [0, 6, 16, 16], "texture": "#0" },
        "south": { "uv": [14, 6, 16, 16], "texture": "#0" },
        "west": { "uv": [0, 6, 16, 16], "texture": "#0" },
        "up": { "uv": [0, 0, 16, 2], "rotation": 90, "texture": "#0" },
        "down": { "uv": [0, 0, 16, 2], "rotation": 270, "texture": "#0" }
      }
    },
    {
      "from": [0, 0, -16],
      "to": [2, 10, 0],
      "faces": {
        "north": { "uv": [14, 6, 16, 16], "texture": "#0" },
        "east": { "uv": [0, 6, 16, 16], "texture": "#0" },
        "south": { "uv": [0, 0, 2, 10], "texture": "#0" },
        "west": { "uv": [0, 6, 16, 16], "texture": "#0" },
        "up": { "uv": [0, 0, 16, 2], "rotation": 90, "texture": "#0" },
        "down": { "uv": [0, 0, 16, 2], "rotation": 270, "texture": "#0" }
      }
    },
    {
      "from": [14, 0, -16],
      "to": [16, 10, 0],
      "faces": {
        "north": { "uv": [0, 6, 2, 16], "texture": "#0" },
        "east": { "uv": [0, 6, 16, 16], "texture": "#0" },
        "south": { "uv": [0, 0, 2, 10], "texture": "#0" },
        "west": { "uv": [0, 6, 16, 16], "texture": "#0" },
        "up": { "uv": [0, 0, 16, 2], "rotation": 90, "texture": "#0" },
        "down": { "uv": [0, 0, 16, 2], "rotation": 270, "texture": "#0" }
      }
    },
    {
      "from": [2, 0, 12],
      "to": [14, 10, 16],
      "faces": {
        "north": { "uv": [2, 6, 14, 16], "texture": "#0" },
        "east": { "uv": [0, 0, 4, 10], "texture": "#0" },
        "south": { "uv": [2, 6, 14, 16], "texture": "#0" },
        "west": { "uv": [0, 0, 4, 10], "texture": "#0" },
        "up": { "uv": [0, 0, 4, 12], "rotation": 90, "texture": "#0" },
        "down": { "uv": [0, 0, 4, 12], "rotation": 270, "texture": "#0" }
      }
    },
    {
      "from": [2, 0, -16],
      "to": [14, 10, -14],
      "faces": {
        "north": { "uv": [2, 6, 14, 16], "texture": "#0" },
        "east": { "uv": [0, 0, 2, 10], "texture": "#0" },
        "south": { "uv": [2, 6, 14, 16], "texture": "#0" },
        "west": { "uv": [0, 0, 2, 10], "texture": "#0" },
        "up": { "uv": [0, 0, 2, 12], "rotation": 90, "texture": "#0" },
        "down": { "uv": [0, 0, 2, 12], "rotation": 270, "texture": "#0" }
      }
    },
    {
      "from": [2, 0, -14],
      "to": [14, 2, 0],
      "faces": {
        "north": { "uv": [0, 0, 12, 2], "texture": "#0" },
        "east": { "uv": [0, 0, 14, 2], "texture": "#0" },
        "south": { "uv": [0, 0, 12, 2], "texture": "#0" },
        "west": { "uv": [0, 0, 14, 2], "texture": "#0" },
        "up": { "uv": [2, 2, 16, 14], "rotation": 90, "texture": "#2" },
        "down": { "uv": [0, 0, 14, 12], "rotation": 270, "texture": "#0" }
      }
    },
    {
      "from": [2, 0, 0],
      "to": [14, 2, 13],
      "faces": {
        "north": { "uv": [0, 0, 12, 2], "texture": "#0" },
        "east": { "uv": [0, 0, 14, 2], "texture": "#0" },
        "south": { "uv": [0, 0, 12, 2], "texture": "#0" },
        "west": { "uv": [0, 0, 14, 2], "texture": "#0" },
        "up": { "uv": [0, 2, 14, 14], "rotation": 90, "texture": "#1" },
        "down": { "uv": [0, 0, 14, 12], "rotation": 270, "texture": "#0" }
      }
    }
  ],
  "display": {
    "thirdperson_righthand": {
      "translation": [0, 3.25, 0],
      "scale": [0.4, 0.4, 0.4]
    },
    "thirdperson_lefthand": {
      "translation": [0, 3.25, 0],
      "scale": [0.4, 0.4, 0.4]
    },
    "firstperson_righthand": {
      "translation": [0, 0, 6.25],
      "scale": [0.4, 0.4, 0.4]
    },
    "firstperson_lefthand": {
      "translation": [0, 0, 6.25],
      "scale": [0.4, 0.4, 0.4]
    },
    "ground": {
      "translation": [0, 2.5, 0],
      "scale": [0.5, 0.5, 0.5]
    },
    "gui": {
      "rotation": [46, -137, 0],
      "translation": [-2.25, 2.25, 0],
      "scale": [0.4, 0.4, 0.4]
    },
    "fixed": {
      "rotation": [-90, 0, 0],
      "translation": [0, 0, -14],
      "scale": [2, 2, 2]
    }
  },
  "groups": [
    {
      "name": "group",
      "origin": [8, 8, 8],
      "color": 0,
      "children": [0, 1, 2, 3, 4, 5, 6, 7]
    }
  ]
}
