{
  "credit": "Made with Blockbench",
  "texture_size": [8, 8],
  "textures": {
    "0": "maeflowers:block/bathroom/bathtub_faucet_texture",
    "1": "maeflowers:block/bathroom/shower_head_faucet_texture",
    "particle": "maeflowers:block/bathroom/bathtub_faucet_texture"
  },
  "elements": [
    {
      "from": [15, 6, 7],
      "to": [16, 8, 9],
      "faces": {
        "north": { "uv": [0, 0, 1, 2], "texture": "#0" },
        "east": { "uv": [0, 0, 4, 4], "texture": "#0" },
        "south": { "uv": [0, 0, 1, 2], "texture": "#0" },
        "west": { "uv": [0, 0, 2, 2], "texture": "#0" },
        "up": { "uv": [0, 0, 1, 2], "texture": "#0" },
        "down": { "uv": [0, 0, 1, 2], "texture": "#0" }
      }
    },
    {
      "from": [12, 6.5, 7.4975],
      "to": [15, 7.5, 8.5025],
      "rotation": { "angle": 0, "axis": "y", "origin": [0, 0, -0.0025] },
      "faces": {
        "north": { "uv": [0, 0, 3, 1], "texture": "#0" },
        "east": { "uv": [0, 0, 2.01, 2], "texture": "#missing" },
        "south": { "uv": [0, 0, 3, 1], "texture": "#0" },
        "west": { "uv": [0, 0, 1.005, 1], "texture": "#0" },
        "up": { "uv": [0, 0, 3, 1.005], "texture": "#0" },
        "down": { "uv": [0, 0, 3, 1.005], "texture": "#0" }
      }
    },
    {
      "from": [11.45406, -2.42462, 7.5],
      "to": [14.45406, -1.42462, 8.5],
      "rotation": { "angle": 45, "axis": "z", "origin": [2.45406, 0.07538, 0] },
      "faces": {
        "north": { "uv": [0, 0, 3, 1], "texture": "#0" },
        "east": { "uv": [0, 0, 2, 2], "texture": "#missing" },
        "south": { "uv": [0, 0, 3, 1], "texture": "#0" },
        "west": { "uv": [0, 0, 1, 1], "texture": "#0" },
        "up": { "uv": [0, 0, 3, 1], "texture": "#0" },
        "down": { "uv": [0, 0, 3, 1], "texture": "#0" }
      }
    },
    {
      "from": [10, -5.18, 6.5],
      "to": [11, -2.18, 9.5],
      "rotation": { "angle": 45, "axis": "z", "origin": [0, 0, 0] },
      "faces": {
        "north": { "uv": [6, 0, 8, 6], "texture": "#1" },
        "east": { "uv": [0, 0, 6, 6], "texture": "#0" },
        "south": { "uv": [6, 6, 8, 12], "texture": "#1" },
        "west": { "uv": [0, 4, 7, 11], "texture": "#1" },
        "up": { "uv": [10, 6, 8, 0], "texture": "#1" },
        "down": { "uv": [10, 6, 8, 12], "texture": "#1" }
      }
    },
    {
      "from": [11, -4.68, 7],
      "to": [11.5, -2.68, 9],
      "rotation": { "angle": 45, "axis": "z", "origin": [0, 0, 0] },
      "faces": {
        "north": { "uv": [0, 0, 0.5, 2], "texture": "#0" },
        "east": { "uv": [0, 0, 4, 4], "texture": "#0" },
        "south": { "uv": [0, 0, 0.5, 2], "texture": "#0" },
        "west": { "uv": [0, 0, 2, 2], "texture": "#0" },
        "up": { "uv": [0, 0, 0.5, 2], "texture": "#0" },
        "down": { "uv": [0, 0, 0.5, 2], "texture": "#0" }
      }
    }
  ],
  "display": {
    "thirdperson_righthand": {
      "rotation": [0, -90, -90],
      "translation": [0, 7.75, 2.75]
    },
    "thirdperson_lefthand": {
      "rotation": [0, 90, 90],
      "translation": [0, 7.75, 2.75]
    },
    "firstperson_righthand": {
      "rotation": [0, -90, 0],
      "translation": [-2.25, 5, 0]
    },
    "firstperson_lefthand": {
      "rotation": [0, 90, 0],
      "translation": [-2.25, 5, 0]
    },
    "ground": {
      "translation": [-4.5, 0, 0]
    },
    "gui": {
      "rotation": [11, 42, 0],
      "translation": [-3.5, 0, 0]
    },
    "fixed": {
      "rotation": [0, -90, 0],
      "translation": [0, 29, -14],
      "scale": [2, 2, 2]
    }
  }
}
