{
  "credit": "Made with Blockbench",
  "textures": {
    "0": "maeflowers:block/bathroom/bathtub_faucet_texture",
    "1": "maeflowers:block/bathroom/bathtub",
    "particle": "maeflowers:block/bathroom/bathtub_faucet_texture"
  },
  "elements": [
    {
      "name": "hexadecagon",
      "from": [6.25, 11.10218, -2],
      "to": [10.25, 11.89782, -1],
      "rotation": { "angle": 45, "axis": "x", "origin": [8.25, 11.5, 0] },
      "faces": {
        "north": { "uv": [0, 0, 1, 1], "rotation": 90, "texture": "#1" },
        "east": { "uv": [0, 0, 1, 1], "rotation": 270, "texture": "#1" },
        "south": { "uv": [0, 0, 1, 1], "rotation": 270, "texture": "#1" },
        "west": { "uv": [0, 0, 1, 1], "rotation": 270, "texture": "#1" },
        "up": { "uv": [0, 0, 1, 1], "rotation": 270, "texture": "#1" },
        "down": { "uv": [0, 0, 1, 1], "rotation": 270, "texture": "#1" }
      }
    },
    {
      "name": "hexadecagon",
      "from": [6.25, 11.10218, -2],
      "to": [10.25, 11.89782, -1],
      "rotation": { "angle": 22.5, "axis": "x", "origin": [8.25, 11.5, 0] },
      "faces": {
        "north": { "uv": [0, 0, 1, 1], "rotation": 90, "texture": "#1" },
        "east": { "uv": [0, 0, 1, 1], "rotation": 270, "texture": "#1" },
        "south": { "uv": [0, 0, 1, 1], "rotation": 270, "texture": "#1" },
        "west": { "uv": [0, 0, 1, 1], "rotation": 270, "texture": "#1" },
        "up": { "uv": [0, 0, 1, 1], "rotation": 270, "texture": "#1" },
        "down": { "uv": [0, 0, 1, 1], "rotation": 270, "texture": "#1" }
      }
    },
    {
      "name": "hexadecagon",
      "from": [6.25, 11.10218, -2],
      "to": [10.25, 11.89782, -1],
      "rotation": { "angle": 0, "axis": "y", "origin": [8.25, 11.5, 0] },
      "faces": {
        "north": { "uv": [0, 0, 1, 1], "rotation": 90, "texture": "#1" },
        "east": { "uv": [0, 0, 1, 1], "rotation": 270, "texture": "#1" },
        "south": { "uv": [0, 0, 1, 1], "rotation": 270, "texture": "#1" },
        "west": { "uv": [0, 0, 1, 1], "rotation": 270, "texture": "#1" },
        "up": { "uv": [0, 0, 1, 1], "rotation": 270, "texture": "#1" },
        "down": { "uv": [0, 0, 1, 1], "rotation": 270, "texture": "#1" }
      }
    },
    {
      "name": "hexadecagon",
      "from": [6.25, 11.10218, -2],
      "to": [10.25, 11.89782, -1],
      "rotation": { "angle": -22.5, "axis": "x", "origin": [8.25, 11.5, 0] },
      "faces": {
        "north": { "uv": [0, 0, 1, 1], "rotation": 90, "texture": "#1" },
        "east": { "uv": [0, 0, 1, 1], "rotation": 270, "texture": "#1" },
        "south": { "uv": [0, 0, 1, 1], "rotation": 270, "texture": "#1" },
        "west": { "uv": [0, 0, 1, 1], "rotation": 270, "texture": "#1" },
        "up": { "uv": [0, 0, 1, 1], "rotation": 270, "texture": "#1" },
        "down": { "uv": [0, 0, 1, 1], "rotation": 270, "texture": "#1" }
      }
    },
    {
      "name": "hexadecagon",
      "from": [6.25, 11.10218, -2],
      "to": [10.25, 11.89782, -1],
      "rotation": { "angle": -45, "axis": "x", "origin": [8.25, 11.5, 0] },
      "faces": {
        "north": { "uv": [0, 0, 1, 1], "rotation": 90, "texture": "#1" },
        "east": { "uv": [0, 0, 1, 1], "rotation": 270, "texture": "#1" },
        "south": { "uv": [0, 0, 1, 1], "rotation": 270, "texture": "#1" },
        "west": { "uv": [0, 0, 1, 1], "rotation": 270, "texture": "#1" },
        "up": { "uv": [0, 0, 1, 1], "rotation": 270, "texture": "#1" },
        "down": { "uv": [0, 0, 1, 1], "rotation": 270, "texture": "#1" }
      }
    },
    {
      "name": "hexadecagon",
      "from": [6.25, 11.10218, 1],
      "to": [10.25, 11.89782, 2],
      "rotation": { "angle": 45, "axis": "x", "origin": [8.25, 11.5, 0] },
      "faces": {
        "north": { "uv": [0, 0, 1, 1], "rotation": 90, "texture": "#1" },
        "east": { "uv": [0, 0, 1, 1], "rotation": 270, "texture": "#1" },
        "south": { "uv": [0, 0, 1, 1], "rotation": 270, "texture": "#1" },
        "west": { "uv": [0, 0, 1, 1], "rotation": 270, "texture": "#1" },
        "up": { "uv": [0, 0, 1, 1], "rotation": 270, "texture": "#1" },
        "down": { "uv": [0, 0, 1, 1], "rotation": 270, "texture": "#1" }
      }
    },
    {
      "name": "hexadecagon",
      "from": [6.25, 11.10218, 1],
      "to": [10.25, 11.89782, 2],
      "rotation": { "angle": 22.5, "axis": "x", "origin": [8.25, 11.5, 0] },
      "faces": {
        "north": { "uv": [0, 0, 1, 1], "rotation": 90, "texture": "#1" },
        "east": { "uv": [0, 0, 1, 1], "rotation": 270, "texture": "#1" },
        "south": { "uv": [0, 0, 1, 1], "rotation": 270, "texture": "#1" },
        "west": { "uv": [0, 0, 1, 1], "rotation": 270, "texture": "#1" },
        "up": { "uv": [0, 0, 1, 1], "rotation": 270, "texture": "#1" },
        "down": { "uv": [0, 0, 1, 1], "rotation": 270, "texture": "#1" }
      }
    },
    {
      "name": "hexadecagon",
      "from": [6.25, 11.10218, 1],
      "to": [10.25, 11.89782, 2],
      "rotation": { "angle": 0, "axis": "y", "origin": [8.25, 11.5, 0] },
      "faces": {
        "north": { "uv": [0, 0, 1, 1], "rotation": 90, "texture": "#1" },
        "east": { "uv": [0, 0, 1, 1], "rotation": 270, "texture": "#1" },
        "south": { "uv": [0, 0, 1, 1], "rotation": 270, "texture": "#1" },
        "west": { "uv": [0, 0, 1, 1], "rotation": 270, "texture": "#1" },
        "up": { "uv": [0, 0, 1, 1], "rotation": 270, "texture": "#1" },
        "down": { "uv": [0, 0, 1, 1], "rotation": 270, "texture": "#1" }
      }
    },
    {
      "name": "hexadecagon",
      "from": [6.25, 11.10218, 1],
      "to": [10.25, 11.89782, 2],
      "rotation": { "angle": -22.5, "axis": "x", "origin": [8.25, 11.5, 0] },
      "faces": {
        "north": { "uv": [0, 0, 1, 1], "rotation": 90, "texture": "#1" },
        "east": { "uv": [0, 0, 1, 1], "rotation": 270, "texture": "#1" },
        "south": { "uv": [0, 0, 1, 1], "rotation": 270, "texture": "#1" },
        "west": { "uv": [0, 0, 1, 1], "rotation": 270, "texture": "#1" },
        "up": { "uv": [0, 0, 1, 1], "rotation": 270, "texture": "#1" },
        "down": { "uv": [0, 0, 1, 1], "rotation": 270, "texture": "#1" }
      }
    },
    {
      "name": "hexadecagon",
      "from": [6.25, 11.10218, 1],
      "to": [10.25, 11.89782, 2],
      "rotation": { "angle": -45, "axis": "x", "origin": [8.25, 11.5, 0] },
      "faces": {
        "north": { "uv": [0, 0, 1, 1], "rotation": 90, "texture": "#1" },
        "east": { "uv": [0, 0, 1, 1], "rotation": 270, "texture": "#1" },
        "south": { "uv": [0, 0, 1, 1], "rotation": 270, "texture": "#1" },
        "west": { "uv": [0, 0, 1, 1], "rotation": 270, "texture": "#1" },
        "up": { "uv": [0, 0, 1, 1], "rotation": 270, "texture": "#1" },
        "down": { "uv": [0, 0, 1, 1], "rotation": 270, "texture": "#1" }
      }
    },
    {
      "name": "hexadecagon",
      "from": [6.25, 9.5, -0.39782],
      "to": [10.25, 10.5, 0.39782],
      "rotation": { "angle": 22.5, "axis": "x", "origin": [8.25, 11.5, 0] },
      "faces": {
        "north": { "uv": [0, 0, 1, 1], "rotation": 90, "texture": "#1" },
        "east": { "uv": [0, 0, 1, 1], "rotation": 270, "texture": "#1" },
        "south": { "uv": [0, 0, 1, 1], "rotation": 270, "texture": "#1" },
        "west": { "uv": [0, 0, 1, 1], "rotation": 270, "texture": "#1" },
        "up": { "uv": [0, 0, 1, 1], "rotation": 270, "texture": "#1" },
        "down": { "uv": [0, 0, 1, 1], "rotation": 270, "texture": "#1" }
      }
    },
    {
      "name": "hexadecagon",
      "from": [6.25, 9.5, -0.39782],
      "to": [10.25, 10.5, 0.39782],
      "rotation": { "angle": 0, "axis": "y", "origin": [8.25, 11.5, 0] },
      "faces": {
        "north": { "uv": [0, 0, 1, 1], "rotation": 90, "texture": "#1" },
        "east": { "uv": [0, 0, 1, 1], "rotation": 270, "texture": "#1" },
        "south": { "uv": [0, 0, 1, 1], "rotation": 270, "texture": "#1" },
        "west": { "uv": [0, 0, 1, 1], "rotation": 270, "texture": "#1" },
        "up": { "uv": [0, 0, 1, 1], "rotation": 270, "texture": "#1" },
        "down": { "uv": [0, 0, 1, 1], "rotation": 270, "texture": "#1" }
      }
    },
    {
      "name": "hexadecagon",
      "from": [6.25, 9.5, -0.39782],
      "to": [10.25, 10.5, 0.39782],
      "rotation": { "angle": -22.5, "axis": "x", "origin": [8.25, 11.5, 0] },
      "faces": {
        "north": { "uv": [0, 0, 1, 1], "rotation": 90, "texture": "#1" },
        "east": { "uv": [0, 0, 1, 1], "rotation": 270, "texture": "#1" },
        "south": { "uv": [0, 0, 1, 1], "rotation": 270, "texture": "#1" },
        "west": { "uv": [0, 0, 1, 1], "rotation": 270, "texture": "#1" },
        "up": { "uv": [0, 0, 1, 1], "rotation": 270, "texture": "#1" },
        "down": { "uv": [0, 0, 1, 1], "rotation": 270, "texture": "#1" }
      }
    },
    {
      "name": "hexadecagon",
      "from": [6.25, 12.5, -0.39782],
      "to": [10.25, 13.5, 0.39782],
      "rotation": { "angle": 22.5, "axis": "x", "origin": [8.25, 11.5, 0] },
      "faces": {
        "north": { "uv": [0, 0, 1, 1], "rotation": 90, "texture": "#1" },
        "east": { "uv": [0, 0, 1, 1], "rotation": 270, "texture": "#1" },
        "south": { "uv": [0, 0, 1, 1], "rotation": 270, "texture": "#1" },
        "west": { "uv": [0, 0, 1, 1], "rotation": 270, "texture": "#1" },
        "up": { "uv": [0, 0, 1, 1], "rotation": 270, "texture": "#1" },
        "down": { "uv": [0, 0, 1, 1], "rotation": 270, "texture": "#1" }
      }
    },
    {
      "name": "hexadecagon",
      "from": [6.25, 12.5, -0.39782],
      "to": [10.25, 13.5, 0.39782],
      "rotation": { "angle": 0, "axis": "y", "origin": [8.25, 11.5, 0] },
      "faces": {
        "north": { "uv": [0, 0, 1, 1], "rotation": 90, "texture": "#1" },
        "east": { "uv": [0, 0, 1, 1], "rotation": 270, "texture": "#1" },
        "south": { "uv": [0, 0, 1, 1], "rotation": 270, "texture": "#1" },
        "west": { "uv": [0, 0, 1, 1], "rotation": 270, "texture": "#1" },
        "up": { "uv": [0, 0, 1, 1], "rotation": 270, "texture": "#1" },
        "down": { "uv": [0, 0, 1, 1], "rotation": 270, "texture": "#1" }
      }
    },
    {
      "name": "hexadecagon",
      "from": [6.25, 12.5, -0.39782],
      "to": [10.25, 13.5, 0.39782],
      "rotation": { "angle": -22.5, "axis": "x", "origin": [8.25, 11.5, 0] },
      "faces": {
        "north": { "uv": [0, 0, 1, 1], "rotation": 90, "texture": "#1" },
        "east": { "uv": [0, 0, 1, 1], "rotation": 270, "texture": "#1" },
        "south": { "uv": [0, 0, 1, 1], "rotation": 270, "texture": "#1" },
        "west": { "uv": [0, 0, 1, 1], "rotation": 270, "texture": "#1" },
        "up": { "uv": [0, 0, 1, 1], "rotation": 270, "texture": "#1" },
        "down": { "uv": [0, 0, 1, 1], "rotation": 270, "texture": "#1" }
      }
    },
    {
      "from": [6.25, 9.10218, -2],
      "to": [10.25, 11.10218, -2],
      "rotation": { "angle": 0, "axis": "y", "origin": [6.25, 9.10218, -2] },
      "faces": {
        "north": { "uv": [0, 0, 4, 2], "texture": "#1" },
        "east": { "uv": [0, 0, 0, 2], "texture": "#missing" },
        "south": { "uv": [0, 0, 4, 2], "texture": "#1" },
        "west": { "uv": [0, 0, 0, 2], "texture": "#missing" },
        "up": { "uv": [0, 0, 4, 0], "texture": "#missing" },
        "down": { "uv": [0, 0, 4, 0], "texture": "#missing" }
      }
    },
    {
      "from": [10.5, 15.62563, 9.88173],
      "to": [11.5, 16.62563, 13.13173],
      "rotation": {
        "angle": -45,
        "axis": "x",
        "origin": [6.5, 2.12563, 10.13173]
      },
      "faces": {
        "north": { "uv": [0, 0, 1, 1], "texture": "#0" },
        "east": { "uv": [0, 0, 3.25, 1], "texture": "#0" },
        "south": { "uv": [0, 0, 1, 1], "texture": "#0" },
        "west": { "uv": [0, 0, 3.25, 1], "texture": "#0" },
        "up": { "uv": [1, 0, 2, 3.25], "texture": "#0" },
        "down": { "uv": [0, 0, 1, 3.25], "texture": "#0" }
      }
    },
    {
      "from": [5.5, 13.5, 2],
      "to": [11.5, 14.5, 3],
      "rotation": { "angle": 0, "axis": "y", "origin": [6.5, 0, 0] },
      "faces": {
        "north": { "uv": [0, 0, 6, 1], "texture": "#0" },
        "east": { "uv": [0, 0, 1, 1], "texture": "#0" },
        "south": { "uv": [0, 0, 6, 1], "texture": "#0" },
        "west": { "uv": [0, 0, 1, 1], "texture": "#0" },
        "up": { "uv": [0, 0, 6, 1], "texture": "#0" },
        "down": { "uv": [0, 0, 6, 1], "texture": "#0" }
      }
    },
    {
      "from": [5.5, 11.37868, -0.5],
      "to": [11.5, 12.37868, 0.5],
      "rotation": {
        "angle": 0,
        "axis": "y",
        "origin": [6.5, -2.12132, 0.87868]
      },
      "faces": {
        "north": { "uv": [0, 0, 6, 1], "texture": "#0" },
        "east": { "uv": [0, 0, 1, 1], "texture": "#0" },
        "south": { "uv": [0, 0, 6, 1], "texture": "#0" },
        "west": { "uv": [0, 0, 1, 1], "texture": "#0" },
        "up": { "uv": [0, 0, 6, 1], "texture": "#0" },
        "down": { "uv": [0, 0, 6, 1], "texture": "#0" }
      }
    }
  ],
  "display": {
    "thirdperson_righthand": {
      "rotation": [90, 0, 0],
      "translation": [0, -3.25, 2.75],
      "scale": [0.75, 0.75, 0.75]
    },
    "thirdperson_lefthand": {
      "rotation": [90, 0, 0],
      "translation": [0, -3.25, 2.75],
      "scale": [0.75, 0.75, 0.75]
    },
    "firstperson_righthand": {
      "translation": [0, 0, 7.25],
      "scale": [0.75, 0.75, 0.75]
    },
    "firstperson_lefthand": {
      "translation": [0, 0, 7.25],
      "scale": [0.75, 0.75, 0.75]
    },
    "ground": {
      "translation": [0, 2.25, 0],
      "scale": [0.75, 0.75, 0.75]
    },
    "gui": {
      "rotation": [24, -149, 0],
      "translation": [-3.5, -1.5, 0]
    },
    "fixed": {
      "translation": [0, 3, 11.75],
      "scale": [2, 2, 2]
    }
  },
  "groups": [
    {
      "name": "tp",
      "origin": [8, 8, 8],
      "color": 0,
      "children": [0, 1, 2, 3, 4, 5, 6, 7, 8, 9, 10, 11, 12, 13, 14, 15, 16]
    },
    {
      "name": "tp holder",
      "origin": [8, 8, 8],
      "color": 0,
      "children": [17, 18, 19]
    }
  ]
}
